key,IForest,LOF,KNN,ECOD,COPOD,HBOS,PCA,CBLOF,LODA,LOF_k3,KNN_k3,LOF_k10,KNN_k10,LOF_k35,KNN_k35,LOF_k100,KNN_k100,LOF_k200,KNN_k200,HBOS_b5,HBOS_b20,HBOS_b50,PCA_c0.3,PCA_c0.7,PCA_c0.9,D_DeepSVDD,D_ICL,D_RCA,D_SLAD,D_DIF,D_AE,D_VAE,best_classical,best_deep,best_all,deep_wins
tsbad_m__111_SVDB_id_28_Medical_tr_1791_1st_1,0.3859457546721867,0.5185496675482675,0.4618544667487089,0.33953371493031986,0.42372994001526126,0.29964140268647976,0.4046353469870092,0.2700593071169176,0.309819607186671,0.5149454353103057,0.46736701450878576,0.5264018131069189,0.4516934752813827,0.5128394518401879,0.4205383640979067,0.47521845543749736,0.38527202086034806,0.42281570672984514,0.3497617122295454,0.2817961916803203,0.3729570800836895,0.4138295389345192,0.4046353469870092,0.39960257842775715,0.3955302799683925,0.29771059413100126,0.3991601789523342,0.3718870677972118,0.410720990409117,0.39339893146855187,0.40819583225977596,0.4362403539783634,0.5264018131069189,0.4362403539783634,0.5264018131069189,False
ovrbench__NeuroSignalEEG,-0.09843997629680669,-0.05452596094757718,-0.03194884019822274,-0.27264411483008066,-0.225410477848419,0.2526805284128768,-0.12066990950161229,,-0.1012773088500468,-0.012285693062769613,-0.029991667404724094,-0.03293258039573986,-0.04434809174069848,-0.06787321720018263,-0.07711200243611525,-0.08983330612226066,-0.09521633360017731,-0.10248320386781769,-0.09935718673748327,0.18127416425636153,0.29162922649373485,0.5332219020461647,-0.11399804196224807,-0.13102623964622373,-0.1294511084320685,0.08764139160873541,-0.009447763425322678,-0.07275685701651206,0.0548506884824379,-0.09994545280985662,-0.0632250748516423,-0.0632419459055604,0.5332219020461647,0.08764139160873541,0.5332219020461647,False
tsbad_m__105_SVDB_id_22_Medical_tr_500_1st_41,-0.014076478838618688,0.034061592705598935,0.02245191628077174,-0.02374375143283156,-0.025784335604648947,-0.01785409363425762,-0.03382719436622697,0.008987808384465414,-0.019835782862083356,0.02229899863099411,0.02350041219159124,0.028424178145825558,0.021876850985033603,0.030568083498992128,0.016334799979417898,0.02911716845619521,0.015235160640343064,0.029700516770862283,0.017211786491655664,-0.011126083976151524,-0.020000432579822258,-0.022694178525454838,-0.03382719436622697,-0.021676708341992385,-0.02682733764016028,0.03382208583819025,0.012953752664820805,-0.023795138747137446,0.017276931433819125,-0.02276150688150095,-0.008409371509426907,-0.024558868549045206,0.034061592705598935,0.03382208583819025,0.034061592705598935,False
ovrbench__FootballEfficiency,0.20029473437985668,0.2656215158805936,0.19146208645413176,0.10941590163101442,0.11175893499405981,0.2023597920893301,0.23344397622447158,0.1698778222355785,0.1555291178443625,0.12164223335807188,0.18396655460027309,0.24074364228829373,0.19519102676192895,0.27563670675252516,0.19290760005227667,0.2710171325468114,0.18462115809635174,0.253440472401268,0.1750343602627888,0.1660539745485521,0.23121762794428113,0.2723647243680082,0.2533422198477987,0.16177010305118605,0.16088787545835131,0.23088441943894836,-0.02539942255407599,0.16519178931234535,-0.15172897012798858,0.024319559495996325,0.25442226562489945,0.1481609682438487,0.27563670675252516,0.25442226562489945,0.27563670675252516,False
tsbad_m__022_MITDB_id_4_Medical_tr_50000_1st_,0.04276538826742069,0.06431311013696797,0.09415914918719744,0.026206050305144907,0.026564260433839495,0.07237878182066088,0.0012695023135484184,0.04988443547796524,0.045505650129459736,0.0604219387329503,0.09178252986558416,0.06522833883224541,0.09170896043289185,0.06708408156192934,0.09054420899935675,0.05573891153681497,0.08586227919386116,0.04354403981889839,0.06560435786656887,0.04761519824916277,0.06856746020868172,0.07243322371316718,0.0012695023135484184,0.009703807867076067,0.0113795043683971,0.04170759394458559,0.11254034272590167,0.016188491223635994,0.19345135224016757,0.06178707083607241,0.0653110896616107,0.05967150831483249,0.09415914918719744,0.19345135224016757,0.19345135224016757,True
ovrbench__TextAnomalyDetection,-0.1667594817797886,-0.15516871110535366,-0.15030502290248302,-0.2150494318092646,-0.15464293180639352,-0.0674134779137133,-0.1883436060785575,-0.05676002078826331,-0.1083969095504096,-0.06135331184815937,-0.14194966479834176,-0.13427270916864886,-0.14239291616709268,-0.16199909087991843,-0.12065512693714331,-0.15496603828026603,-0.10336700264287638,-0.14054406644601455,-0.1002824808532112,-0.048682838008154865,-0.044770965800722526,-0.040128422299422005,-0.1883436060785575,-0.20754836354154338,-0.18584198963309229,0.025443307555865442,-0.06244730489621933,-0.18321624267097034,0.03607782077874997,-0.19871077252945143,-0.23027586065975716,-0.11457110268614945,-0.040128422299422005,0.03607782077874997,0.03607782077874997,True
tsbad_m__099_SVDB_id_16_Medical_tr_1115_1st_1,0.00445723837456405,0.13644248652623517,0.1297978568290496,0.004978079598497337,-0.017270290959041465,0.002381717926598385,-0.017442126921478524,0.04446237652036173,-0.0232557439412677,0.09596062402244364,0.13363848183524712,0.1585332785695753,0.11836579510111882,0.11385156487344471,0.09804571615927071,0.09436293749757661,0.06826886299453068,0.08930546556503899,0.046677273883215915,0.001839530531779712,0.01238221797466936,0.01898295479817695,-0.017442126921478524,-0.012920961072519345,-0.007972279226834751,0.03618323538295079,0.07037227641875589,0.03557812269812323,0.04351893037332256,0.04570243385763716,0.07489683472680272,0.0701287100772697,0.1585332785695753,0.07489683472680272,0.1585332785695753,False
tsbad_m__102_SVDB_id_19_Medical_tr_50000_1st_,0.019965440391300417,0.47456184224379516,0.4133663677081498,-0.009068871591878925,-0.01244252566180123,0.015077932097526048,-0.025169675486893507,0.10903794604929506,-0.02935842063023329,0.3922166285984057,0.41686716108041905,0.44414925531913985,0.3847058235718347,0.5053908716980017,0.28596256244662915,0.5213599496430533,0.17655903752070928,0.45014367770052116,0.13319207782110093,0.008921649777345941,0.018998908078948794,0.024568665852818444,-0.025169675486893507,-0.022557141561600557,-0.022613394274026116,0.3018764299404015,0.2610206054051943,0.015996163593927384,0.11182704232381642,0.033974513424624146,0.1611625723384741,0.1321868588137546,0.5213599496430533,0.3018764299404015,0.5213599496430533,False
tsbad_m__110_SVDB_id_27_Medical_tr_30824_1st_,0.006939640586969089,0.09298826074148259,0.04283565135932477,0.0024521032735481604,-0.006049128281806254,0.01363422540038347,-0.01946911763570498,0.003959932182787982,-0.009160778206800942,0.08387455023709615,0.047751499919748606,0.10034001564196124,0.03531232819528683,0.08196965897302476,0.025060611435343,0.04548225953741374,0.017231050757470463,0.0236313972415965,0.012973456802513302,-0.0038457444870264915,0.016495990524823503,0.023836469266332337,-0.01946911763570498,-0.016143894201154328,-0.013749725439144739,0.11027506192746452,0.042465813923860646,-0.007620466633219433,0.02229247444195231,-0.01063414491796207,0.023559055962242215,0.0027587267547564314,0.10034001564196124,0.11027506192746452,0.11027506192746452,True
oddbench__HealthBehavior,0.025307220715884697,0.03821983229781752,0.031418741114041394,0.017789093418718867,0.02645127449203957,0.011424707372786232,-0.022658378303558508,-0.009900006142159114,-0.001306217139614798,0.05915593936890303,0.03546048262779147,0.05388787098316706,0.026999217373726223,0.028186887596167234,0.01930842461099437,0.020196672883957906,0.004590347466704378,0.004705776540386577,-0.00707644544369827,0.0038107637909495025,0.033628714113065256,0.07467870624878727,-0.018702826481640324,-0.01312684709551493,-0.016050511899193643,0.07874806290205477,0.021560105381896368,0.010602068619143088,0.0031527709315446236,0.023185978596027532,0.027616446503162705,0.02763176833194374,0.07467870624878727,0.07874806290205477,0.07874806290205477,True
ovrbench__FinancialTransaction1,-0.02624131031201828,-0.036685717313784484,-0.07336200537728978,-0.026485713988521075,-0.04039904765425414,0.03338128572814133,-0.045175405647261656,-0.04055192014429558,0.027915727609580464,0.008543741042305325,-0.07465892713757695,-0.023988695587374785,-0.07011580494397035,-0.038744547765362895,-0.0689547102638525,-0.0412014818754613,-0.06551916647060498,-0.03571788359742456,-0.06117474092581456,0.00014080249690266722,0.015167441686304052,0.006870415032219038,-0.0444517326923586,-0.044147882669633313,-0.0472033392038793,-0.06595996592086613,0.0347863012890588,-0.04456336613876245,,-0.022767144412238056,-0.015694501355527874,-0.027922003963993313,0.03338128572814133,0.0347863012890588,0.0347863012890588,True
ovrbench__ShuttleOperations,0.16578587591476002,0.8747633897366406,0.8292132643279472,-0.12457998133433935,-0.039946079558143555,0.3421964430762977,-0.1732761549325264,0.35125756625601057,-0.18129832200028284,0.8912677791054829,0.8535647273730723,0.873753695364666,0.7810210245252337,0.8601413530550359,0.6207474846725001,0.8879705838393165,0.40489004531984574,0.8660971122710642,0.24769001191426904,0.2897457005895827,0.2348146328396474,0.10546110873313434,-0.14936854981293593,-0.0389844358911162,-0.03294868552004985,0.9849448686881075,0.6591649870713387,0.3117912003100749,0.44056180624951374,-0.0177508601598363,0.17083851822153,0.5060438202525779,0.8912677791054829,0.9849448686881075,0.9849448686881075,True
tsbad_m__084_SVDB_id_1_Medical_tr_12973_1st_1,0.009581594758988583,0.03546707256097005,0.054913261647492065,0.01341165954793649,0.005137022804434725,0.007054711507032241,-0.003351474469294101,0.00468283238808696,0.015830883098437578,0.03133228194897309,0.06208485994581061,0.03776027002423594,0.05079762993121106,0.03099263352107,0.0342310421011269,0.02073427741366746,0.02002533109658771,0.029016415159093787,0.013840920815165865,0.009610482226941863,0.006850097125275953,0.007471756416745402,-0.003351474469294101,0.001731636519107688,0.0032002700479000284,0.03759421791993221,0.05066513181604855,0.016826348744249875,0.032431403409345846,0.021077998093685747,0.03612755231830076,0.04979794350991786,0.06208485994581061,0.05066513181604855,0.06208485994581061,False
oddbench__AquaticMacroInverts,0.6579620370533923,0.14472751832562747,0.24229630836401098,0.11720505371033711,0.18235035785222597,0.1490688590160401,0.5523328863217006,0.22111111325657024,0.3672194461578516,0.13069662653994918,0.24322000621101733,0.13632753254001692,0.2396697544644166,0.1219904173636732,0.23495066319930094,0.11954985702842166,0.2599608773602097,0.2172894128601083,0.290125212084013,0.20712798548521752,0.1187196928520307,0.10963887894432786,0.5306686603536863,0.5586169817426948,0.5672749646629236,0.9115825443628222,-0.003373965819995921,0.5712854604741813,0.4845964075016786,0.18926780547160935,0.8996455162361625,0.6641215701333659,0.6579620370533923,0.9115825443628222,0.9115825443628222,True
tsbad_m__091_SVDB_id_8_Medical_tr_500_1st_126,0.08637361716914468,0.09600043668653642,0.09627683141805189,0.12080814125850914,0.11989495386983193,0.09177673873393963,0.042118303456102665,0.05356578896719073,0.07268828782283256,0.10996639383517418,0.09945874198183141,0.11314825200137685,0.08876818822293739,0.08349924586179301,0.0735858621053781,0.07303486977315661,0.06397696307074384,0.06706071743805195,0.06115658045035097,0.11919494951867149,0.07837715805073013,0.07645111997549352,0.042118303456102665,0.07721326117576625,0.08437129847681943,0.1285523816909286,0.06973721459656246,0.08614749048772516,0.07051495525555329,0.057243370108559996,0.10585421565958412,0.09696220648389053,0.12080814125850914,0.1285523816909286,0.1285523816909286,True
oddbench__FinancialTransactionAnomalies,-0.05571818117866463,-0.018976018176663147,0.013202815403907282,-0.06733893471000232,-0.05489778531150893,0.027508384776266093,-0.07526226526196254,,-0.056957709557774856,0.010999176762671137,0.013609762639330584,-0.003464923922975716,0.019224341922035718,0.023349293191115204,0.07303301689743019,0.006208839894234025,0.0091506726070914,0.014938611700574344,-0.007597643516550854,0.006946031839996629,0.02882310069435954,0.036505065356940536,-0.04084108642875976,-0.06898683760808541,-0.06379338911228359,0.040401641420345226,0.025352149895015698,-0.057821735871834055,0.009459108326315645,-0.06014035774415607,-0.05181045243283145,-0.007294738455521683,0.07303301689743019,0.040401641420345226,0.07303301689743019,False
ovrbench__CelestialObjects2,0.30639728631673685,0.2807874924796811,0.3769185014170363,0.19226245936653746,0.15017304002298185,0.2031051771161084,0.1824277053815534,0.0813740393540401,0.23038026039000936,0.37196403617212087,0.42923654014683826,0.32619473896998463,0.3163357017438322,0.1802017190973678,0.16166175098240035,0.10323273802733435,0.10812418125951176,0.03480885997738438,0.10924496419385236,0.23001900657906243,0.27838682540479687,0.45669436383811424,0.20875503366084164,0.19881074478285338,0.2366000302040272,0.2546161299217687,0.28377670593328913,0.3748278696171661,0.3286251065081843,0.19213620818625138,0.611877080930886,0.4118708781522266,0.45669436383811424,0.611877080930886,0.611877080930886,True
oddbench__PropertyCondition,-0.14636490874209399,-0.026495440872207354,0.023068181265020856,-0.17343888447379863,-0.1316770842089748,-0.1631432570757031,-0.10847269495018638,0.03713488650970353,-0.06464193301031815,-0.03919196336216832,0.007933959848559841,-0.015852807499097756,0.026024000310731234,-0.0012019508310324098,0.027188107080785947,-0.018549621449012132,0.03581515123975013,-0.02410222911783924,0.02843952632900245,-0.05213901996949334,-0.057984862333283746,-0.19636506820915312,-0.12051833949845189,-0.09929630554728983,-0.08889415374872112,-0.18301771537861372,-0.030931669603893815,-0.1061774660798927,-0.08545851007937563,-0.10169397846145774,-0.1545336388137755,-0.053885644727004675,0.03713488650970353,-0.030931669603893815,0.03713488650970353,False
ovrbench__JobChangePatterns,0.16155055794933476,0.03743590969326552,-0.016210927037533945,0.07995776430279979,0.06074077271050761,0.2845043513716554,0.38972037462039777,-0.10325377095287198,0.2901909198404124,-0.037132739154791476,-0.014891899995653386,-0.03363655855646516,-0.05795469584278708,-0.021447864725090363,-0.10561513408077541,-0.09898812742108017,-0.14942692494392315,-0.1443792371213364,-0.1640482152916736,0.30419123995012526,0.20829286556786689,0.1186185469308885,0.37464531107117294,0.38972037462039777,0.347324116045231,-0.024344042680327378,-0.0021373197478161223,0.20680541890410672,-0.20687270987356163,-0.09169054584221838,0.3110699122684214,0.28392472812040404,0.38972037462039777,0.3110699122684214,0.38972037462039777,False
ovrbench__BreastCancer,0.09897943891364121,0.08970697866725225,0.10455473864817932,0.03151653311627221,0.08393784931977989,0.13482819899284468,0.03446475799563321,0.08764461422311648,0.07294122907558354,0.01531783795943321,0.10174341391326243,0.04701118925974774,0.11220703975820001,0.09096669980476504,0.10689559117093138,0.09547750681490147,0.10282724971544827,0.09609508459250463,0.09835348708516654,0.12778386254082183,0.13888729383933876,0.1407951448936424,-0.017420150420464128,0.02315151293604636,0.01693599140883804,0.03543556399310462,0.013081590323337526,0.07695531050389771,0.001961286806727155,0.08059225700550762,0.050683455194224736,0.08165224334421138,0.1407951448936424,0.08165224334421138,0.1407951448936424,False
ovrbench__KickstarterCampaigns,-0.09281308830087583,-0.002237607170688128,-0.004313769217955577,-0.60958959770858,-0.8333833909745271,-0.12185518262313698,-0.17972600196968253,,-0.9944746779537549,-0.013064023673071041,0.0017969339392018549,-0.025968018822824256,-0.011148990351810138,0.003224473483971927,-0.0005998066554903344,-0.007204218626275932,-0.03747403854442655,-0.024291960871676704,-0.039308195176374225,-0.02692694036954557,-0.14025208734363317,-0.21282364819955135,-0.09476398774877032,-0.1886854313915744,-0.2262416729572373,0.775082139049986,0.07412585771419802,-0.024108019115068643,-0.29064329327119354,-0.101869049059477,-0.2089468111137803,0.01624852931416979,0.003224473483971927,0.775082139049986,0.775082139049986,True
ovrbench__volkert,0.6514452185839215,0.43843966655606975,0.43145115612242496,0.4765860025843881,0.6948359631101377,0.7477671999343124,0.4564182721888576,0.21851676637456488,0.3389534779789802,0.26692900176154544,0.4893340403059448,0.39064092470816375,0.3409435913193981,0.501941408869599,0.27783162333654227,0.5316176475593993,0.2532661258127676,0.5085649549313334,0.25109432126308284,0.7499697152535758,0.7569767561684175,0.740604845192905,0.4356765504177981,0.4569405994545676,0.45791440755232055,0.19211684423498415,0.13120045738068728,0.2939740812753296,-0.06765313970009243,0.28879974032980305,0.24864922531493786,0.37717909459589904,0.7569767561684175,0.37717909459589904,0.7569767561684175,False
ovrbench__NetworkHealthMonitor,-0.072796421926075,-0.016651423249892015,-0.005467180175311956,-0.13037604160156313,-0.04417080886897792,-0.07575955552848097,-0.081191460605342,0.010188013011094734,-0.10662876454541907,-0.028059359155078116,-0.006240363819343694,-0.004838567297700268,-0.002135800341079424,0.002859825487917852,-0.013753132660397615,0.005043726445562238,-0.015604264269043464,0.0036880093885439252,-0.020269480368049226,-0.0127685013191748,-0.05911566722797551,-0.06466179042439198,-0.11940019780742184,-0.09256104470927982,-0.10561102327244538,0.0040220910999219095,0.11959532579704149,-0.06652188253847843,0.01073494647482604,-0.07981262953313664,-0.05128175916210799,-0.05448591021290264,0.010188013011094734,0.11959532579704149,0.11959532579704149,True
dami__Annthyroid,0.06659560055540817,-0.002246017443432449,-0.014924683677767177,0.11310553513687117,0.059848419419628124,0.060366534985647695,0.02315254245796134,-0.0335025092852738,0.18980371688712142,0.06418431246744628,-0.008197331461604224,0.017240580543823904,-0.024465703768454212,-0.001578014241475462,-0.029262738666951085,-0.0037484964785594516,-0.0350928656781827,0.004851625551278073,-0.041294950459944385,-0.06548913261645153,0.24748201816763163,0.35668128176282604,0.020271023658408185,0.023443700506615813,0.019980329759385202,0.4805352900806898,-0.05276539054338757,0.05937074430206079,0.1994202494930784,0.020780139671285117,0.09853982710598423,0.07812762108957469,0.35668128176282604,0.4805352900806898,0.4805352900806898,True
ovrbench__SyntheticNumericalBatch,-0.010742130923685648,0.08856070452033238,-0.03214917812773562,0.03842289503625027,0.036028744927942905,0.003598538754157934,-0.015556305861298749,-0.05333214970480686,0.05282538821144401,0.1746552337258982,-0.00014128368191695514,0.15153530202349402,-0.056441858348447886,0.04630412637921074,-0.0686588823372864,-0.018768911301661674,-0.06944658896749631,-0.03326462341933745,-0.06777378682689116,0.0013376741897557806,-0.0015047248892217319,-0.0011125044566680127,-0.015556305861298749,-0.01191713280385289,0.002000808200546414,0.028124873155109375,0.1255652212854896,-0.011503441568031136,-0.04046823226290213,-0.03600964859218046,0.014832804585964528,-0.0061727665786458965,0.1746552337258982,0.1255652212854896,0.1746552337258982,False
oddbench__RealEstateBlockType,0.0661834566189699,-0.009715799522579244,0.008891573424986341,0.028215826080791484,0.09308491991600783,-0.04908281802061299,-0.01639096421681974,-0.010470597726924193,-0.01704749675973383,0.02536813454629414,0.01240073968867159,-0.01816740429873832,0.010828349742918426,0.011956649070136728,0.00950137971446035,-0.021252437633519094,0.004935091264249906,0.021890516159147142,0.018150845205452747,-0.03790405260417931,-0.064562320632327,-0.05940857744651302,-0.01639096421681974,-0.03685677193967919,-0.026666571005095646,0.20940292541929498,-0.0308905504424947,-0.030067331781352048,-0.013820077795986707,-0.019535479683791872,-0.02171738169528973,-0.02852494136689172,0.09308491991600783,0.20940292541929498,0.20940292541929498,True
ovrbench__MalariaDetection,0.21448218232016078,-0.13571397522387146,-0.2018404968334756,-0.13309196747813878,-0.18791804045906674,0.6238003708091356,0.39959849642543255,0.01465051518471711,-0.3179067307418446,-0.04401467954199005,-0.24422332243608927,-0.13620635681541193,-0.09645728862819569,-0.139187958186371,0.11002347054747208,-0.12851545242322351,0.16639939207211782,-0.13145105572108684,0.20587331328417882,0.6932175509174341,0.5907491062896126,0.5021177839988705,0.39959849642543255,0.45410280837251354,0.42241323764983224,0.285637548264271,-0.013544555830106289,0.30296958364916743,0.24344630696723077,-0.3308043348206452,0.43672150819656613,0.1806998627015848,0.6932175509174341,0.43672150819656613,0.6932175509174341,False
tsbad_m__104_SVDB_id_21_Medical_tr_50000_1st_,0.00471265029942268,0.15075346898567146,0.21213951829541117,-0.011375279550942162,-0.009431112850534967,0.008869107448392562,-0.01725071442056948,0.02618638486793875,-0.011785191988755443,0.13848405094999375,0.21718698154207114,0.14965074913928497,0.20357409560166337,0.1376253590316109,0.1465409152728793,0.10750395560731106,0.0955905137535,0.0752188063605068,0.06480911681668167,0.007382395986903182,0.01229122485755348,0.01958983224678981,-0.01725071442056948,-0.014505974133190006,-0.01351843742531404,0.18354452334826554,0.19125849749050108,-0.0030821568199316143,0.040962772879091704,0.0017890015582560951,0.03095386019679469,0.0585868782695355,0.21718698154207114,0.19125849749050108,0.21718698154207114,False
oddbench__AustinCrime,0.018295232767981208,-0.013206073752696302,0.10187470728732369,0.009602970953390523,0.025157963472152562,0.008968122139046271,0.004609499420213239,0.03702015545311307,0.04070285674126072,-0.012250346416960056,0.09055828875520261,-0.014613896624899748,0.11894184349443528,-0.011252428199247683,0.136873842206834,0.04149494108809135,0.13148365899148182,0.006741290756408337,0.04050933223233846,0.013130534735964768,0.010801220654322768,0.009451277773602428,-0.0010557462070554303,0.0005345162342157443,0.0005345162342157443,0.0036122462318975436,-0.0007444077329922808,0.00867334498546393,-0.0002746332290731212,0.0050317268404001456,0.004981206474264177,0.006251680632925566,0.136873842206834,0.00867334498546393,0.136873842206834,False
ovrbench__BusinessAnomalies,0.2605657503867346,0.16645504368907396,0.306030990625692,0.19318656057098785,0.26664276230687073,0.23089002780846343,0.15750407795337099,0.22301925533533268,0.09940494130210836,0.018183729400510468,0.3094303538188002,0.1453286934447586,0.29451322034778094,0.1467654335335351,0.27912531288683484,0.16805178949078264,0.2613481766587528,0.1556148359156524,0.2043657323407719,0.15479095317272362,0.25234079466547005,0.32453558654857717,0.17005087637305752,0.160099562948476,0.16738525034274457,0.23166720336516422,0.06460904759068294,0.19099397847257257,0.19467716240484229,0.20607439147563608,0.20863038861437014,0.18766002698169887,0.32453558654857717,0.23166720336516422,0.32453558654857717,False
ovrbench__ailerons,0.29419899450960924,0.04945599062928536,0.03518369310268661,0.1344205469132155,0.28933573494113624,0.29331421944947933,0.16992095831479218,-0.03156250748540647,0.10491276919456029,0.14353863628318236,0.052340960690332665,0.09449121613633071,0.01135633593385901,0.026924735489809587,-0.004835876581393266,-0.007558735140521325,-0.01520285502342463,-0.015406924355068729,-0.01938254267225211,0.3430635346797652,0.30652319079092516,0.3062315770395533,0.16992095831479218,0.23942657617391075,0.2539989432821785,0.14059097230879095,0.003986913968575913,0.24053739626915951,0.10817736295106525,0.13514920860543167,0.3093384404547836,0.2266065745880451,0.3430635346797652,0.3093384404547836,0.3430635346797652,False
ovrbench__CreditCustomerData,-0.0343194329768443,0.017854401986849407,0.020158414838233718,-0.07795499370528217,-0.01724044589499234,-0.057609711596975,-0.07100678267981511,-0.06549359289083762,-0.05964715698097417,-0.02245967299062688,0.021885959853606026,0.00829577301303093,0.026019516802289425,0.02225894849615948,0.016686488895337172,0.03378652576410651,0.005482831278960818,0.05698383980236912,-0.008335076468817789,-0.060138986949849906,-0.06498726727842508,-0.06870371785927468,-0.13589273902304286,-0.06576459230767903,-0.027497551248754824,-0.014714751876545931,-0.004820683126683265,0.010480763960546768,-0.011644597325293287,-0.038157018003486885,-0.018246186510026196,0.027460485457867265,0.05698383980236912,0.027460485457867265,0.05698383980236912,False
oddbench__HealthPulse,0.03630890628935951,0.08315252120085652,0.018743777340644075,0.01646639489775205,-0.007768148369098024,0.011546526852603316,-0.010108740298002078,0.0063830826217780275,0.029817531585883583,0.055838358284882615,0.02216591097673493,0.06911416308530624,0.015566884656883027,0.07860387479729927,0.004004827265167689,0.08547171697156837,-0.005378486187337113,0.06662205887961196,-0.009898111903093058,0.04074554371310207,0.021773545362624196,0.03186417382602009,-0.02791874882210667,0.0010180348039864656,-0.0026846317658822004,0.0014844749329264752,-0.054871851109103434,0.030058613242662895,-0.017213403811332285,-0.017048510528123024,0.04064563147417813,0.0365239785545888,0.08547171697156837,0.04064563147417813,0.08547171697156837,False
oddbench__ProsperLoan,0.0456891356470284,0.0805666426569741,0.08322278419451065,0.02888798941742418,0.04751551262172782,-0.0844609159789246,0.04121625944451282,0.039786696236158096,0.06209854087624835,0.09266469586315484,0.08416472979523511,0.10260866457029166,0.08076296787667614,0.06297914259044307,0.07859577121729358,0.032369873816518915,0.07778666438225199,0.013587198177806372,0.0776353757504516,-0.022752991584290207,-0.07835554744586319,-0.08782962839876182,0.04437240221187381,0.029824537003807595,0.03403124415063901,0.07060897480427257,-0.010185587692748709,0.03553950463642259,-0.026825326445773817,0.006228698667395668,0.017600232821078622,0.0433369509899417,0.10260866457029166,0.07060897480427257,0.10260866457029166,False
oddbench__ProtestViolence,0.30092366809975285,-0.04831892509902778,-0.09116917539832388,0.049254959579472506,0.10130713834485196,0.5840400663397429,0.05413312144173817,-0.057725570621297746,-0.21661265289387904,0.0016619963168725453,-0.0892563143407735,-0.009530624588670149,-0.0919531916047819,-0.060026206365960275,-0.10452073138520693,-0.08970788841321102,-0.08090388151942669,-0.09001455558617068,-0.05514829347018068,0.49824107845632054,0.6425074869785417,0.782154741262248,0.040541263228278744,0.13468974632787714,0.22360988874542573,0.424783846512732,0.035371037025255556,0.21326594452254785,0.1314726413664951,-0.11046693368397116,0.17483113844914197,0.1564807297224799,0.782154741262248,0.424783846512732,0.782154741262248,False
ovrbench__compass,-0.09804162703925882,0.03939562481422657,0.010889054993944743,-0.10395055800271658,-0.1003142500520112,-0.14290591683337528,-0.11532654308641155,-0.07236918734251493,0.022634034571391105,0.006074279970469337,0.008439623712775894,0.02813682806099389,0.015363915613440861,0.03423004337584602,0.029760197888594072,0.00566010563206326,0.04335352346673605,-0.009790380275575758,0.065012637398422,-0.07721371608697682,-0.15012270873922662,-0.15160560611408316,-0.05819639911496558,-0.11297678638055766,-0.09898969838710378,-0.12888698666664145,-0.002063577680060857,-0.10560506865116873,-0.14948631143177799,-0.1505704704326942,-0.10192120904095528,-0.0877673211230461,0.065012637398422,-0.002063577680060857,0.065012637398422,False
ovrbench__PhysicsTraining,-0.11027417821911376,0.03679257985423714,-0.09411193256652134,-0.1783193893095858,-0.18039689926801697,-0.12784974451827927,-0.1294953965340392,-0.0781575063425048,-0.08318960401379266,0.02341981744439831,-0.10047664096905629,0.019704042719543496,-0.08937071333529771,0.0303754413136922,-0.07917981284588996,0.0028477886917939454,-0.07064895693792653,-0.00594839215005467,-0.07126094618285059,-0.11539940017109182,-0.1266716394343708,-0.14484956809128127,-0.11623336848498256,-0.12461984707626766,-0.12175736376434813,-0.10693120033681365,-0.09006884712585274,-0.10644633456274251,-0.07743990635127558,-0.15287829185375096,-0.09398589751362305,-0.10699449846229855,0.03679257985423714,-0.07743990635127558,0.03679257985423714,False
ovrbench__XSSDetection,0.4065520580006664,-0.07403823150409464,-0.717867402874353,-0.19603281453718183,-0.3352646589421562,0.4648866311261352,0.3497543059282038,-0.23956096323922546,-0.03851366533478313,0.17443995320363334,-0.6996583834663542,0.0864172776503987,-0.7403480757695124,-0.14059722833904967,-0.7602674321522088,-0.2206135696379214,-0.6905425475091886,-0.24297104207956705,-0.6539395068621504,0.45534584919175847,0.04648244007008536,0.3253942172148393,0.3542967850252516,0.35218601129360216,0.3524490393202172,0.30987221429269657,0.22223764040854496,0.2806864872166968,-0.013686203620037293,0.04479847835746417,0.24334631077300503,0.31480748207999687,0.4648866311261352,0.31480748207999687,0.4648866311261352,False
tsbad_m__107_SVDB_id_24_Medical_tr_32805_1st_,-0.0055989786939803525,0.026263638981561355,0.041397096841120244,-0.02108751702063227,-0.021491039897621078,-0.0026460980500166292,-0.010165197742839438,0.03469337630284701,-0.02264694369516682,0.05094587678042683,0.045014275212436304,0.0351910285735477,0.03761673860764599,0.018334372192268474,0.035982860170986175,0.006755222089114523,0.032961999395328845,0.005506556709019555,0.03248475776964483,0.0014981478637299712,0.0025574665979026974,0.0014882412054276228,-0.010165197742839438,-0.021447016159266967,-0.021416452955669213,0.0651652566069856,0.12468156379489087,0.0007106270166623857,0.09542227418543298,0.04338347307098528,0.054116758594990155,0.02794803883924275,0.05094587678042683,0.12468156379489087,0.12468156379489087,True
tsbad_m__172_SWaT_id_2_Sensor_tr_23700_1st_23,0.021436948096639895,0.29174625886626465,0.3071148179020131,0.04228803933411899,0.05339667435876183,0.02291345989270291,0.0874151417768508,0.21970253551307373,0.04251053471798942,0.23097958292728613,0.30818695894793363,0.2709086747926506,0.3075720801166364,0.30906708592175036,0.2989061170079783,0.3289536646771507,0.2521626396110822,0.3124505405348838,0.2076761863933326,0.04241114617698666,0.02344099502350983,0.0220913848057063,0.08603733136134764,0.08706432824089445,0.08739300697492047,0.4146098385620435,0.5954936881529559,0.18377953543427503,,0.11495744266929084,0.49191812489001674,0.4046108031630089,0.3289536646771507,0.5954936881529559,0.5954936881529559,True
oddbench__AxieInfinityBug,0.04049115735287823,-0.0040471602911564195,-0.007192046101823389,-0.032202506154398125,-0.014586598089402242,0.02967684983288069,-0.047663196701557616,-0.038092713741734126,0.11831318057864525,0.011393503419225667,-0.0016841276909700274,0.008880515323304425,-0.023169956440836907,0.005467118300664585,-0.023410938433383526,-0.010576465620127574,-0.0332192112469982,-0.029855292100575935,-0.03231739366457524,-0.009773075147233676,0.021231338274996604,0.006969952808122692,-0.0835542532035017,-0.036375696326111755,-0.03237261568400742,0.46074016435709675,0.4009899236914446,0.04945792600725062,0.06609081340353883,-0.01499542124362221,0.13938746060528812,0.10481494148528171,0.11831318057864525,0.46074016435709675,0.46074016435709675,True
ovrbench__students_dropout_and_academic_succes,0.14397599787238544,0.27089955091436135,0.1331482748412701,0.10678566568145559,0.08738413369146693,0.14081694116479243,0.13798812736832944,0.06552606822560002,0.08992572106985648,0.26300791273468044,0.14218352199848647,0.2681321819734299,0.11294541846436097,0.23143324984967734,0.08661439151930192,0.16714833197743484,0.05527422225816072,0.08625004386704511,0.03245345285761011,0.14046295292234962,0.14636897672253232,0.16703929222097255,0.12773063939130347,0.13431808724549857,0.08991845374567217,0.21592966988791598,0.21536974129209946,0.15572859835327307,0.16315733338836763,0.14569949426725076,0.24719669554145193,0.11219937222223614,0.27089955091436135,0.24719669554145193,0.27089955091436135,False
tsbad_m__108_SVDB_id_25_Medical_tr_1238_1st_1,0.06078643404340821,0.15624450978936796,0.12341731078555823,0.07617127287027843,0.052134661849467544,0.03782599123192084,0.04067232209008056,0.03721622581368684,0.03692229207622048,0.14073097299164025,0.15278040567235113,0.17892495646465292,0.11097290295933247,0.13533393591667656,0.08511857824786168,0.10308711990889662,0.07083545446640864,0.06926328265283388,0.05866260627149531,0.010403781281761422,0.03822047481601618,0.05574844909708574,0.04067232209008056,0.05968979189644331,0.059748183960103944,0.13394240836032675,0.15661064396815985,0.13124419263352996,0.09351577546939495,0.11982866762717019,0.13453783287157098,0.11108917734559678,0.17892495646465292,0.15661064396815985,0.17892495646465292,False
tsbad_m__138_CATSv2_id_1_Sensor_tr_16568_1st_,0.03174405952686826,0.5228728140974008,0.39990996567608095,0.03276605600964597,0.02436277957631552,0.0254092090026292,0.5287566542644206,0.31804582925723696,0.07867474861889778,0.37210658963414756,0.4080268763727393,0.42789172741436393,0.39755052331843305,0.5631048838234611,0.3714810060903503,0.517112399705449,0.316960394837333,0.4368763288763369,0.27144342975079755,0.024152769181737033,0.015381744165158608,0.011500377233670164,0.5367383218755784,0.5274346289697784,0.5255376056058639,0.5321711990693059,0.5307749238228004,0.5707782122693436,0.6708252027607536,0.5450519542061558,0.6860934195550807,0.5863068513475576,0.5631048838234611,0.6860934195550807,0.6860934195550807,True
adbench__22_magic.gamma,0.12337377851664456,0.5002406729867028,0.4891912727516468,-0.23283365617572419,-0.1559970872020989,0.12448558113187944,0.1210423242448554,0.3532451577945782,0.03149710916468333,0.536921801949745,0.5121461115799593,0.52796269496993,0.4628714830016213,0.4718796150348865,0.381110978192221,0.4085680448940689,0.2866233861952733,0.3611215340300398,0.22345733103160867,0.06455266902982892,0.11216889512165594,0.10994754671337921,0.1210423242448554,-0.02210608218464112,-0.04315900377972141,0.4792077278202346,0.44433429562740073,0.21561749908715547,0.10880670682849919,0.03609025732206695,0.4809446585544498,0.2892158168310761,0.536921801949745,0.4809446585544498,0.536921801949745,False
oddbench__SalesOrderPriority,-0.05806405325737774,0.18067206027349603,-0.042940449970763066,-0.14643214886163647,-0.1102373744965626,-0.03894624185473713,-0.10419765086062335,-0.12138897103885256,-0.1029471239686387,0.16604961545026592,-0.0173889655558128,0.2194707524575893,-0.06757196996985511,0.11094238459463641,-0.10508336438574895,-0.06391354769720785,-0.12394679625966713,-0.1216063300285949,-0.1281738300465296,-0.07771447287403836,-0.02877196883046607,-0.07382396438615862,-0.10419765086062335,-0.05908173963811976,-0.1174773974857493,0.08854919737724966,0.0729025511830684,-0.02047526057682193,0.0796056022012362,-0.0254586718063503,0.01409023134905823,0.0096468545906785,0.2194707524575893,0.08854919737724966,0.2194707524575893,False
oddbench__TBAnomalyDetection,0.2100362752783406,0.23718883679723865,0.33749429164102046,0.018393068091809545,0.1813486258356201,0.27947844374297404,-0.04373901291124757,0.07821943508531763,0.20788583195602917,0.185508813662771,0.33699105350078373,0.25975830779257797,0.31295641145797365,0.1425563724831186,0.2047288286815995,0.11294502693304193,0.14445034598377096,0.04562435802312375,0.09057269660719543,0.28238214039498116,0.25572199227441794,0.19907188596906528,-0.24561655133522667,-0.04373901291124757,0.06747350261109737,-0.10175432546501102,0.0040323961675507985,0.20974656301436131,-0.08260458558611658,0.034129899329633576,0.15929692178713006,0.08172766259029893,0.33749429164102046,0.20974656301436131,0.33749429164102046,False
oddbench__TransactionFeeAnomalies,0.5579899510478838,0.2005636939204893,-0.014707397637114759,0.07655351586724768,0.21110273780519231,0.0,-0.27344895408649145,-0.15989973195251592,0.5007745360678042,0.3880669852374922,0.042040720644251496,0.11555621612466538,-0.05862552549579277,0.2244219655621276,-0.12103228133185592,0.23451613127334525,-0.15690403467275907,0.0074292859266894854,-0.18108875941641872,0.0,0.0,0.0,-0.27344895408649145,-0.31088986613486463,-0.31088986613486463,0.6608158011377907,-0.12313845712832186,0.6285941860404911,0.21348269775719297,-0.11110215511746073,0.5106882408736413,0.633721510788857,0.5579899510478838,0.6608158011377907,0.6608158011377907,True
ovrbench__TrafficSensor,0.16171352225000238,0.4288933834688283,0.6560307404118934,-0.012785390406719537,0.034861139458427726,0.07509694915504031,0.006277772465537077,0.039353648739023424,0.0438663664380849,0.6597274822206836,0.7140029749770428,0.6631677856087925,0.5167544439979307,0.09670925223081668,-0.012666117232726051,0.040484231636779784,0.019559633235273714,0.05002357356239603,0.03505682823683344,0.07398781862872092,0.06562381224145827,0.06310291743307661,0.06162956411256845,0.013833189993162536,0.09181924213597628,0.5514192581179633,0.5983759921387056,0.18186120552291402,0.19064072517519728,0.21084922717947505,0.34472971023451543,0.28914603630840346,0.7140029749770428,0.5983759921387056,0.7140029749770428,False
ovrbench__Word2VecPCA,-0.06205437514106206,-0.07324787665767046,-0.09803786912604374,-0.12887958746087216,-0.1291767916596538,-0.0354792659590963,-0.0948457620486741,-0.08597653945395584,-0.045307604107171606,0.05416344224559262,-0.09293343946698024,-0.029942173684989557,-0.1005956873119022,-0.0932995740191862,-0.0992720540031233,-0.12229990277563685,-0.09568897798967607,-0.1218666629913944,-0.09307575030957164,0.0025804069802623036,-0.006802607084917349,-0.024289468087863975,0.05576926484613682,-0.0948457620486741,0.012029006496479392,-0.0658928740806363,-0.005617188416694065,-0.07057414479007756,-0.07373717244727772,-0.19915591181972384,-0.04104888963924876,-0.05267397288927491,0.05576926484613682,-0.005617188416694065,0.05576926484613682,False
adbench__19_landsat,-0.04543786096915199,0.5078225911998032,0.4047741457679064,-0.2794158664648439,-0.2036490371067082,0.17254796145444168,-0.18900136112163024,0.14160973069372546,-0.2535262448635648,0.5601414104923921,0.44175526027152623,0.5638296672303814,0.33675306049087605,0.4369754542194245,0.2793308282406343,0.34586316801427786,0.2293288619100818,0.34399195933319165,0.1354725470966378,-0.07910610186849244,0.27187354534625463,0.29910410476667537,-0.21984514951442172,-0.18900136112163024,-0.24551463257132766,0.4008254786899465,0.4278806205155882,-0.1451827587631615,0.2815703094353929,-0.021695297083363554,0.058890827839928515,-0.006432781043844603,0.5638296672303814,0.4278806205155882,0.5638296672303814,False
adbench__30_satellite,-0.11822593241678045,0.10515988347886317,0.181863139968834,-0.28165124410750475,-0.20899598799875982,0.34966189214834065,-0.24527973439168976,0.018692052444847517,-0.2645351146501728,0.25655293544605057,0.20302519229212954,0.17016006152512192,0.15712047937010834,0.07113147247046,0.13608586214090532,0.07808870847921298,0.13166026609898987,0.13072139762049242,0.10212487145560725,-0.0328989669866809,0.44154461807403056,0.42045747913389975,-0.24527973439168976,-0.24527973439168976,-0.2793967921458514,0.23499974666754225,0.19089006476054693,-0.20104166149459343,0.30033659791645206,-0.1576777983594075,-0.0256082536409108,-0.13910956189966542,0.44154461807403056,0.30033659791645206,0.44154461807403056,False
tsbad_m__087_SVDB_id_4_Medical_tr_5421_1st_55,0.014001042375344112,0.2083225373626615,0.11859648811774927,0.0027599220335367478,-0.00707933346547123,0.0029168774446815832,-0.013081203736959372,0.012171798894890286,-0.02867897411404404,0.2101612305117816,0.12471344188133472,0.2172369568357811,0.10973688672045605,0.20236498652319054,0.06876025193224915,0.13803817999142748,0.02605063395809283,0.06935035062937256,0.02112230520136748,0.01449019609870095,0.019801163087845998,0.03130646852162717,-0.013081203736959372,-0.021701976907491996,-0.008327056280259714,0.0815098579880322,0.10279991911449599,0.0005744840441865345,0.060340387072917896,0.008577623415641828,0.08407542299636786,0.030955555529974758,0.2172369568357811,0.10279991911449599,0.2172369568357811,False
ovrbench__KenyaMovement,0.002748977522099778,0.05831924494641366,0.0712558400274989,0.04894783218114109,-0.014196482901408217,0.03242257899411266,0.030418838491795986,0.05137438946890526,0.03384581474905145,0.03965035084064596,0.0765968518738129,0.0667273515082445,0.06644444694928203,0.057414975590633056,0.05094740352884382,0.059004749455524544,0.031385422582043195,0.01676856256399551,0.02135555034052636,0.01801534525884062,0.01762543760163723,0.015155729229956161,0.04327788991526126,0.024463383390950378,0.01911563772298855,-0.00025230601660092993,-0.05022539012600985,0.015602821506142433,-0.014486451763323928,0.021924894254776534,0.02289755588734502,0.0252304279864491,0.0765968518738129,0.0252304279864491,0.0765968518738129,False
ovrbench__Run_or_walk_information,-0.30954990072283156,0.5319021963323572,-0.0006939304651685228,-0.5661453957331228,-0.416700205739374,0.07503682531227056,-0.21465448061568107,-0.13663761119040824,-0.15358241289467447,0.5643535474988624,0.0583330883281495,0.5362417524410894,-0.06289149974212599,0.44765975594143187,-0.20600163141850897,0.3736459397635492,-0.3076159372592498,0.34114405283679666,-0.36934578534650153,-0.08771438675637686,-0.024910007277581647,-0.1636677702564806,-0.14090928462157437,-0.23159239616661167,-0.2718329387475527,0.08435540799034047,0.5691051014873096,-0.026004419303746237,0.3061920318480298,-0.2212390107012458,0.0035050346354702083,0.22665562729814356,0.5643535474988624,0.5691051014873096,0.5691051014873096,True
oddbench__SMSClassification,0.3570523533574747,0.04547909859023945,0.20950938685138404,0.12107631509000033,0.2485157155804976,-0.0034292696291172314,0.0888305366014653,0.10006320855289176,0.1925855911687612,-0.015116166114061897,0.19813743536437067,0.016091471874492575,0.23083482564743443,0.03354469813716453,0.24738334240981816,-0.0010608995782058217,0.24243999508305605,-0.028947366347352985,0.25177675783362335,-0.023706421851021255,0.21798012168977146,0.36178490977463884,0.08042217706570803,0.08639187104274251,0.09669518203280927,0.4787127843614011,0.03688890372158532,0.33727889142455536,0.4951151987042625,0.1885343953192616,0.20182093843580826,0.3807419878211925,0.36178490977463884,0.4951151987042625,0.4951151987042625,True
ovrbench__HealthMetrics,0.04953051120899378,-0.020760938890375814,0.01564215683002754,0.023723811367131985,-0.009939749551653089,0.007198195004051349,0.0037060926493801367,0.06717722131047378,0.07298095407188121,-0.023423250992565623,0.00903852432851896,-0.02608919425571294,0.025756601605108318,-0.019054061403299734,0.03983854601848918,-0.0016589276233442828,0.06172811887436157,0.02054213097598237,0.07943483644601983,0.07018418658364234,-0.027400515028146,-0.030131617938915726,-0.0491746650957924,0.0037060926493801367,-0.009316849756433418,-0.030068667805558474,-0.006268999338363663,0.06551537627935494,-0.0094230245704292,0.03176154371804896,0.10591541276257906,0.09746265542805255,0.07943483644601983,0.10591541276257906,0.10591541276257906,True
ovrbench__mozilla4,-0.010305219016676394,0.007920614618645044,0.020407605090220035,0.04288560830980071,0.007324746868311349,-0.01416811394539891,0.021555832184881104,0.023987203224028107,-0.012389176128146369,0.0057154028629420065,0.013005633645151829,-0.009697447859760476,0.033261972531842474,0.0119516823528193,0.020161149244290445,0.04788611924318013,0.0323507720466223,0.06630963708097265,0.035576823165520736,-0.00214045495172445,-0.025227736867926676,-0.033699588105168085,0.040497208767782227,0.021555832184881104,0.03995997118354629,-0.02544864594734352,-0.006974966027334539,0.009040460639767682,-0.025020243043873645,-0.01549516216988294,0.0015053948689267716,-0.015164745432609468,0.06630963708097265,0.009040460639767682,0.06630963708097265,False
ovrbench__GeneExpressionCoactivator,0.3163156147110696,0.25077124699794034,0.2303933942781886,0.21206768021669628,0.030667420456255874,0.284757272309939,0.18265095267013542,0.03488819429502752,0.30591935715462193,0.20693043738189973,0.22181949219140182,0.2651617757224029,0.1961858717462983,0.223244655642905,0.13119025467080342,0.14282950956650256,0.07918577666080132,0.08563570291366235,0.055768455272470506,0.15940559437148855,0.31612057971046165,0.32394547113910943,0.038491302991292255,0.1804337295471641,0.2375134879215885,0.26470552344523507,0.03986257970062564,0.24863223207469257,0.059433857787870505,0.17085044842618208,0.2847106254121306,0.2206901302438665,0.32394547113910943,0.2847106254121306,0.32394547113910943,False
oddbench__BarExamPrediction,0.23030172421164216,0.2717895663162482,0.2607887910355476,0.23109041165382824,0.24772514259176737,0.3501201669896369,0.4503206920677174,,0.24978782838071384,0.17640950397430286,0.23772019899255334,0.2638258637809989,0.2628762557162769,0.26692505303574343,0.24319404260309796,0.07641155545590438,0.09313218042120981,0.009588703442508938,0.026556389995945246,0.37023913866667807,0.3002481542741908,0.34121063662841533,0.4299140923654409,0.4247936634022458,0.3683494333753556,0.16045010826867837,0.06138654460576776,0.2841488113103997,-0.005067843585542054,0.1559786061173975,0.30246522580878593,0.20122085229375908,0.4503206920677174,0.30246522580878593,0.4503206920677174,False
ovrbench__jannis,0.29541107520193594,0.14267064551488445,0.07333139552192103,-0.28957663704903347,-0.19876815862217817,0.2714513265932172,0.1745323189739821,-0.05340824060505855,0.1521075540287059,0.11501959706384937,0.07823101047475188,0.13500981612965965,0.058526027280829104,0.13441595304723875,0.02439359327829713,0.105756266121864,-0.010896337005392113,0.08731838004936861,-0.039373589031674865,0.2703994107419087,0.28109809219166915,0.29072411507903845,0.1878853785950331,0.17202635215246542,0.17037397552256872,0.020916922061864733,0.04238299836565222,0.1031146555928877,-0.20328121199780258,-0.09399475227098236,0.09582787913128454,0.08013801004770366,0.29541107520193594,0.1031146555928877,0.29541107520193594,False
ovrbench__SensorAnomaly,-0.0029910457635919955,-0.0196911002572569,0.09355081264825392,-0.03830496874712657,0.0006334110914805521,-0.02977483625082,-0.04663012071521799,0.11585677430618158,0.05633191026859328,-0.026695990118371284,0.06492105849158945,-0.03674724898020807,0.11169295606090669,-0.0018390537352614704,0.14854702679685167,0.020885150102318645,0.16192028120775281,0.043774020936045,0.17643338702124867,-0.021945415055146245,-0.025953616044268924,-0.023183270971085725,-0.051316446618891634,-0.044462553563403645,-0.05183115929406933,-0.01054509275391517,-0.03356686884908091,-0.0297274761271078,-0.05516734978729134,-0.04362531189911502,0.025918269160722242,-0.02311776105171015,0.17643338702124867,0.025918269160722242,0.17643338702124867,False
dami__SpamBase,0.7387424936151638,0.3748966656335165,0.34705727726136376,0.2047908040202996,0.27504808883338044,0.669197858024987,0.6674647006794331,0.1054722614514407,0.20471097352035467,0.4994781813272243,0.3971941356853268,0.5138858909789525,0.2556997645546455,0.29891473054716156,0.14853941438101234,0.2671211606251337,0.10385338520402389,0.17908189724182255,0.09116854656870427,0.5854266482991471,0.6934206779518236,0.6446121821195495,0.6670723438030125,0.6675564710066199,0.6682088136044392,0.6905554459940143,0.7366217019427065,0.690207259624006,0.7730186900897009,0.5379080140280006,0.7021577272727669,0.687253513250775,0.7387424936151638,0.7730186900897009,0.7730186900897009,True
ovrbench__GeotechnicalAnomalies,-0.09261661955627919,0.07270870934738653,0.1067757892851175,-0.13247361940164593,-0.15675739676661166,-0.09949718183485569,-0.1151815155019449,-0.003161882585066061,-0.11186417244001721,0.12309631379467434,0.13716316719322383,0.13911802904672382,0.05047317268592303,0.06425526851132031,-0.009945651765614778,0.06982903444660056,-0.010218930612144145,0.021668447002875256,-0.0581825631823383,-0.12396535547021148,-0.07932761798202219,-0.05438716145949761,-0.10708017061705435,-0.12260840560402753,-0.1127203514436617,-0.006712104579157793,0.1437911000389161,-0.11139510652242103,0.0015894152710338348,-0.1293271813195322,-0.09261326097658248,-0.10746219180980034,0.13911802904672382,0.1437911000389161,0.1437911000389161,True
tsbad_m__082_LTDB_id_4_Medical_tr_4456_1st_45,0.13163725766762752,0.2051443539607399,0.18254260971109793,0.16124267060536715,0.11652738172439567,0.09512085138563844,0.050527986654801106,0.07215749128071391,0.11117974374089985,0.22994554842394152,0.1980724934298967,0.21660164900936682,0.16286659479847432,0.1579990573234145,0.10417513308694441,0.05377361234141353,0.09259648674543094,0.06384037663813745,0.1304357567972741,0.11084642423693082,0.09244038536928083,0.09640370858874846,0.050527986654801106,0.06038116326752225,0.07578324423954866,0.13433238433199618,0.1574206454642154,0.11383189298082452,0.14934406629201558,0.12881616706575555,0.15037848466466924,0.15081158934396824,0.22994554842394152,0.1574206454642154,0.22994554842394152,False
tsbad_m__113_SVDB_id_30_Medical_tr_4552_1st_4,0.029486896713764126,0.08396579312124916,0.077928696284912,0.08869180143025691,0.16307959174012063,0.011622707838148552,0.1258114547226974,0.019343478279676543,0.01601489906062873,0.05192390432705367,0.0749468621390522,0.08016016703791747,0.07914424951318551,0.07630954665476895,0.07838976843568002,0.06715574540707672,0.07007050749576871,0.06852506435807981,0.049866616889224565,0.0038390956434410316,0.017519542064283865,0.02404243150795443,0.1258114547226974,0.1258114547226974,0.10322217195043303,0.02363106555961061,0.05227670338121168,0.04397157217760409,0.041834788501271265,0.057742122433545554,0.07199080356416317,0.05035585572551585,0.16307959174012063,0.07199080356416317,0.16307959174012063,False
ovrbench__CreditScoringAnomalies,-0.2311555407443378,-0.010824275760600318,-0.12414879806181178,-0.2553153383046046,-0.24699489944205444,-0.2045770722663095,-0.22724677797357254,-0.17121424172667787,-0.09068331612747327,0.07158773631369854,-0.11473602205004174,0.01918399539405698,-0.14067701169671273,-0.011687824617328858,-0.18069618590093744,0.03396753309703227,-0.18169181605655016,0.035529063850492225,-0.17587318021715787,-0.18943705215631357,-0.1979524821791598,-0.20358064880496385,-0.21380649726721918,-0.23107680486436163,-0.23301477094358028,-0.18539678601895107,-0.09445787630135816,-0.23183461479848355,-0.21737278695515364,-0.2398065732053549,-0.2262387222819495,-0.21013151426231702,0.07158773631369854,-0.09445787630135816,0.07158773631369854,False
ovrbench__UrlAnalysis,0.3920376423940995,0.23618251479555794,0.2965451639625053,0.04365657886491958,-0.09316948547819964,-0.15483299131430187,0.4021806681472217,0.2188711990090508,0.3512660352619899,0.1576495861828928,0.34086979038193577,0.1959255920555893,0.2572496869561034,0.2670761773867885,0.2332196075693124,0.2281251536624153,0.2050611672474525,0.21070525023027606,0.2025343647926588,-0.14242949829930415,-0.15077113724767596,-0.2614162039357321,0.43879774760924556,0.35170985413606576,0.3366610905379806,0.4022753072110276,-0.18186978173928275,0.2837378866890949,-0.15821970788378392,-0.05136133350263655,0.35011977754653634,0.2754391699777545,0.43879774760924556,0.4022753072110276,0.43879774760924556,False
oddbench__VoteOutcome,0.18035082646057288,0.7467136741550343,0.2549125601667488,0.05811752274580527,0.10236986891114791,0.13659002666170098,0.028657284668612462,0.03321533371437172,-0.01755853244860876,0.2479534222340476,0.27438956181439256,0.6786933858749896,0.22580059528765445,0.7812773075003366,0.17927784627601637,0.6668381651672781,0.1267198067232162,0.6268192183746104,0.08378240280718924,0.10830043254440186,0.1421136760628545,0.16027749604338312,0.031088878954235653,-0.006903653877558193,0.0036726477488967816,0.20296331635249562,-0.042168119895796656,0.15198774167968412,0.06419575815277037,0.13405214026255038,0.13840815027372716,0.18674421511782982,0.7812773075003366,0.20296331635249562,0.7812773075003366,False
ovrbench__GamingBehavior,0.2694987898591031,0.5396422957428603,0.6314250611223933,0.1396439435944234,0.09730922254788606,-0.014456067159724615,0.25068634138408746,0.5476262204040785,0.2651235236797706,0.26466628097623696,0.6456229546422441,0.3942804988821908,0.6295904352364678,0.6528813709030938,0.6138668865414431,0.6306610827412931,0.47612438270364027,0.4252841671469947,0.2801006434499252,0.058145526101691124,-0.03349638581702005,-0.04873302380297896,0.2689447050654214,0.26320183494006644,0.2593037840808328,0.2525627321188097,-0.03742877855304663,0.294713465557603,0.2268483879420342,0.2601940363049926,0.47571192352359026,0.22391733068821407,0.6528813709030938,0.47571192352359026,0.6528813709030938,False
ovrbench__SpotifyHitPredictor,0.281701145245719,0.023272977386373354,0.13047619279879594,0.35538058496641045,0.32443573866124037,0.1775930926940369,0.17053917598330734,0.09282463040116969,0.1454480344670645,-0.017018221617632053,0.12252583497823546,-0.0035755957520986615,0.13959249973018695,0.06945233722682001,0.14261975119398082,0.1172556597319228,0.14689344092831896,0.12959780322041814,0.1494816270897058,0.12061837326370377,0.23323627993009652,0.277822038233187,0.1461620077472267,0.16661935732048816,0.1653944175038227,0.05127641742990503,-0.00923719458185521,0.19426539740025117,0.18405311485487527,0.18018772428699317,0.2397868330114164,0.23393893082939318,0.35538058496641045,0.2397868330114164,0.35538058496641045,False
ovrbench__seismic-bumps,0.11421652609778536,0.045540126049930234,0.15916774243007162,0.07256407249426024,0.13890243031157254,-0.0008258571740946018,0.030057583208750873,0.09907617715595493,0.10934940808523073,0.028798527905693948,0.1590414663755921,0.0320982713306677,0.15483151988191704,0.07754366022109496,0.1521476644261342,0.12129660339518503,0.15365754473870735,0.13686356446192605,0.15013990546680336,0.01843152297024928,0.0021416414574326817,0.0015873247419284304,-0.010975953395356447,0.021382947096971017,0.021382947096971017,0.14585321127363324,0.05904062066772567,0.07410651978335422,0.011430549756133022,0.08957287448472455,0.11510490688712716,0.09205463717591993,0.15916774243007162,0.14585321127363324,0.15916774243007162,False
adbench__27_PageBlocks,0.12215269176352063,0.41621898323748263,-0.03325380169827488,0.2519050930552378,0.09473803655260105,0.22029738301259938,0.19556510621619072,-0.005686119388977789,0.003981062004418127,0.15814981624757368,-0.03450990736014965,0.3737025546850793,-0.03223567236429,0.3943647642296036,-0.033731688797728775,0.3114826405449515,-0.03594827224379176,0.2400914830467933,-0.036108619205671204,0.20439494370100433,0.2522546878319292,0.23141800570293986,0.19556510621619072,0.14824527722488862,0.13152553070811632,0.24059806029316955,0.04193010648721026,0.2074695057559127,0.04175570109294203,0.20811086627801825,0.1546636854187699,0.21717926151162076,0.41621898323748263,0.24059806029316955,0.41621898323748263,False
ovrbench__FakeNewsPropagation,0.31649943340131065,0.13096624433135565,0.26019257050371597,0.04982629686453911,-0.0479472170879288,0.40432604385910864,0.135115785870535,0.015646257054267178,-0.20148623867170173,0.30652630558346095,0.29458031807930773,0.21717456291479426,0.20319781764213618,0.11155860704924352,0.08596114666494181,0.09004539588030705,0.05305037620349017,0.05722019143568267,0.04467904612276012,0.2902809612872876,0.3922517189727196,0.32971313617873216,0.23455741422450277,0.12210936823716179,0.15846311906279514,0.4312468599903029,0.3363227829018676,0.27419261089082647,0.09724713324214695,0.032069687936576476,0.26927199267016294,0.2919727985753477,0.40432604385910864,0.4312468599903029,0.4312468599903029,True
tsbad_m__030_MITDB_id_12_Medical_tr_50000_1st,0.013832544647674463,0.017232502976523092,0.016351512390658834,-1.1328314229935362e-06,0.005684550457313873,-0.0010431640995850113,0.0011602408749908867,-0.002477346694670162,0.010150091543516163,0.029249539281967163,0.017839538303445354,0.021210825849021068,0.01384043451522931,0.013607013363896005,0.009875681119064455,0.004877645583535756,0.006073071324285809,-0.002056022909160461,0.0038548845750128085,-0.00877677472240878,0.012648813256519542,0.016185531482800247,0.0011602408749908867,-0.012388250620846999,-0.0063958987183263,0.04543212383721034,0.0494089596745054,-0.005028657707576702,-0.011274057228848668,0.021950624997152394,0.011105020687459803,-0.008604377716429797,0.029249539281967163,0.0494089596745054,0.0494089596745054,True
tsbad_m__019_MITDB_id_1_Medical_tr_37500_1st_,0.25800018076041864,0.38237938836525737,0.4002684253213139,0.22582138788649642,0.23335865145730314,0.27299771798990863,0.23424001404018419,0.3333260574462666,0.23669812949987634,0.3850302904005515,0.40818303438972803,0.379908388101218,0.3871483771464882,0.3803515140985435,0.36775948167944084,0.34646713111085,0.34684908651855734,0.3377395350961643,0.3351446251103645,0.2766994950391749,0.2745914916256683,0.29270292148252336,0.2270800352757256,0.22992511164835883,0.22563438782491663,0.44749511150358184,0.380502410508251,0.27557962600661634,0.3603443370195987,0.30150339488134204,0.30930387424444716,0.25319402405493957,0.40818303438972803,0.44749511150358184,0.44749511150358184,True
ovrbench__HealthActivityObesity,-0.2869799655687786,-0.21659783298611268,-0.09989322655581648,-0.42259753205604217,-0.27389580502992433,-0.19266932362668412,-0.5036641944184549,-0.06546004079717307,-0.3277024663162946,-0.041981887075362066,-0.09490742929149708,-0.13823183971797998,-0.10569267023646921,-0.2517270168511647,-0.10818842147934737,-0.19161726515575125,-0.09122113236625765,-0.09955848752148812,-0.07113162275320345,-0.1578992694779535,-0.2026693552951385,-0.20070045036373282,-0.5036641944184549,-0.4670457261492157,-0.4485363417321144,-0.01882002539544801,0.06479111874626832,-0.3641417957029686,0.15784480459053385,-0.2732331875655627,-0.33534863724731634,-0.24917877146068926,-0.041981887075362066,0.15784480459053385,0.15784480459053385,True
tsbad_m__031_MITDB_id_13_Medical_tr_50000_1st,-0.005892989219724217,0.01407602967442112,0.01289770461634138,0.008809511803520466,-0.0034254811432280494,-0.008699468223257192,-0.002484750972359219,0.008530217372892047,-0.007211665121877539,0.013203071900524681,0.013558696960317388,0.01618140140588118,0.012545423832865884,0.013431037063839088,0.011000480464775385,0.009217087881476465,0.010017852049253748,0.006985952255619672,0.0089936239244034,-0.009743661058311603,-0.008330113990682403,-0.006469833087031775,-0.002484750972359219,-0.002368686516024675,-0.008692828142338573,0.010249219208207795,0.006780256503536741,-0.0038099123487764213,0.002368587213354734,0.003335987627123221,0.0010039348654400384,0.007356505727780173,0.01618140140588118,0.010249219208207795,0.01618140140588118,False
ovrbench__UserMovieInteractions,-0.09860246266768642,0.009692817544774293,-0.19052872279523192,-0.26109157436330843,-0.15781221013018154,0.13038942874206483,-0.012158227048743236,-0.1640279214023593,-0.2900355569072791,-0.04780066913778283,-0.1694624054068607,-0.018460521188489502,-0.19509442181924067,-0.023921654267098556,-0.21417868162484413,-0.041276062917078825,-0.2239351091713191,-0.0012732815694466819,-0.23325757015091325,0.20722912977226046,0.11536795796141189,0.10147733534902253,0.007243721808454808,-0.03136409966576381,-0.04443858596159155,0.0020367343237972825,0.05042210597493313,-0.03827640655573536,-0.12458959630205622,-0.22537040314590467,0.11998394297730766,-0.004282702320939466,0.20722912977226046,0.11998394297730766,0.20722912977226046,False
tsbad_m__115_PSM_id_1_Facility_tr_50000_1st_1,0.3843648281567844,0.2936788283240004,0.25896882125900594,0.3021567862727714,0.4303658177619367,0.47392119922961745,0.37263760994996786,0.25806176114568224,0.2351731764099015,0.262167277875389,0.2623501811218475,0.28709886655783406,0.25822984060121895,0.2970685161950047,0.24592096533344673,0.293638376427622,0.2403975863055686,0.287458402998291,0.23796666357909804,0.4731569411632272,0.4913868648909595,0.4565416659008552,0.36489529112084174,0.37244891898876176,0.37262935648022916,0.11415556006196335,0.4661166907172044,0.45605733665924847,0.42191020559597503,0.4863472067986903,0.44849311396616404,0.46223113243272007,0.4913868648909595,0.4863472067986903,0.4913868648909595,False
ovrbench__FireRiskAnalysis,0.06373027427612235,0.08768258386354419,0.09283623975372078,-0.12707627248508657,-0.23640767309072577,0.11921159330706245,-0.05030291626141763,0.0968058600304136,0.07304642994121395,0.11667122051849241,0.11639249905653014,0.1259032870893683,0.06711349191947302,0.06710402578923973,0.02457195748557435,-0.002067122872246228,-0.019132682930401882,-0.03176123995154598,-0.048074007178492896,0.13386235777654187,0.05286517270973457,0.03440508254223767,-0.18168017421637442,0.0250845717785902,0.03669886767105223,-0.03606229149584615,-0.2258879581844926,0.03671500348242586,-0.11731112016475224,-0.11250949784842378,0.05734930483393975,0.04614347397875475,0.13386235777654187,0.05734930483393975,0.13386235777654187,False
oddbench__OkCupidUserBehavior,0.03535287990850409,0.05104561407477746,0.07434025225116336,0.05507700164621915,0.05571296346967578,0.04143130611416293,-0.00857772307628177,0.048810574628237936,0.06541637038288639,0.002807381976197817,0.06582455426880225,0.03484640159217926,0.07436136927674268,0.04642850122024321,0.0608347571249197,0.05927866349468709,0.05896673907909488,0.07043363331130945,0.05859987405941562,0.0302141335762807,0.0458882769590805,0.06005728960510419,0.03524078696933498,0.016160563830305685,0.018492083996032638,0.06658596336661018,0.01784570100783754,0.039597905988405756,0.07166359715680219,0.050932849014971485,0.050943280027756555,0.029194152117174195,0.07436136927674268,0.07166359715680219,0.07436136927674268,False
oddbench__GPUResourceUsage,-0.023505297413761162,0.2778876959408291,-0.06302008431466732,0.1805127563857559,0.06406263723647361,-0.0032467743183038785,-0.08999421530837143,-0.25839785366011725,-0.02438227685473354,0.1125357039209788,-0.054326509649178595,0.17176572767638257,-0.08350827725856512,0.39897064888220607,-0.1450272807015957,0.4748601937123173,-0.2064160175368423,0.3864240617761745,-0.24473717584973617,-0.003217322703233803,-0.0032372558011879065,-0.06926661411628932,-0.18315308494151775,-0.08999421530837143,-0.1178230021180418,0.004920587710679281,-0.020789197869417377,-0.09663800090265581,-0.11539419082059608,-0.13921287566303336,-0.07770836632372059,-0.08599511798314974,0.4748601937123173,0.004920587710679281,0.4748601937123173,False
tsbad_m__092_SVDB_id_9_Medical_tr_2674_1st_27,0.03702197602625137,0.22291338127841706,0.22174097923289746,-0.00531538393016523,-0.008424121681084001,0.037752011725656814,-0.0009345177029908065,0.0437068530313591,0.009995677706838263,0.21342181814757827,0.22878085127077563,0.2355628364766352,0.20620969267462327,0.21132345742741215,0.16947302657997293,0.1870169660421956,0.11041028717228421,0.18848600347651948,0.06414012884175056,0.03923356867179361,0.0442332313820905,0.04327598583522313,-0.0009345177029908065,-0.005529323618551452,-0.006523343714853281,0.20562744901620433,0.1902978561937447,0.016162625969406187,0.07479503332480815,0.02511950460123253,0.12496544723899612,0.07504207588368754,0.2355628364766352,0.20562744901620433,0.2355628364766352,False
oddbench__WaterPointFunctionality,-0.02119887132066359,-0.02378147970858755,0.002154397641207709,0.040611068673167314,0.02969023815764574,-0.04486188278097869,0.008199649723145833,-0.07138182713033214,0.025630899916097852,0.08015250263794288,0.02243084211388009,0.035578785737227885,-0.025556311382483266,-0.047089467189627796,-0.0519525063745162,-0.06036595621660334,-0.04727147849194105,-0.06869127846374486,-0.03910022748617963,-0.07956240849511416,-0.0370950792633913,-0.03131443773721605,-0.003259700208392549,0.0011558223867061555,-0.0057953716645290435,0.01625896382362709,-0.03499118326907884,-0.014596184612303175,-0.07213466596100873,-0.04188998945586029,-0.03547613977979923,-0.03368263754417295,0.08015250263794288,0.01625896382362709,0.08015250263794288,False
ovrbench__GesturePhaseSegmentationProcessed,-0.24051693148610054,0.42236971699687487,-0.2467332584655617,-0.23685932071729315,-0.2436490773616363,-0.2432157811782148,-0.2199426611418993,-0.24293237752611482,-0.04981921324580521,0.4129567840007154,-0.2412750772238963,0.4336853265749018,-0.2516167428889318,0.2658645363850474,-0.26022068670126874,-0.016795045000332923,-0.2648257758761226,-0.20251766263380225,-0.2646416481860062,-0.22456796651632482,-0.24982584808890676,-0.2575826776628581,-0.2186182682677188,-0.21838070264734122,-0.22005954163789426,-0.15202781333829762,-0.22603645299167413,-0.24155934232747978,-0.22467176208372014,-0.24760396100582988,-0.23511504393284063,-0.2442866455609294,0.4336853265749018,-0.15202781333829762,0.4336853265749018,False
oddbench__CarMakeAnomaly,0.013644256372448331,0.03890776013841413,0.02338394956756136,0.022285261507391144,-0.0108537549018823,-0.01860923275911161,0.012120959415568185,-0.00045952704104270205,-0.029103616330356612,0.03885052344975377,0.022965763621639917,0.05532609635625272,0.021065764986826264,0.015577404957403597,0.015263923123684365,-0.004556343599752972,0.013281342789832026,-0.013853050133075723,0.017724257708437607,-0.013422310601242339,-0.012112463630116022,-0.0012608657590832753,0.003109055205033544,0.012120959415568185,0.02451184519300447,0.01508375800161693,0.06452426400740673,0.020576769748698372,0.005100532665142623,0.01486814626920541,0.053177656422398314,0.05735896401820188,0.05532609635625272,0.06452426400740673,0.06452426400740673,True
ovrbench__thyroid-ann,0.22944681601424385,0.008274969991643353,0.002392821021659136,0.11324491476401193,0.10931044596314067,0.1586597428020753,0.10941114116481455,2.740934571481364e-05,0.027901400182797603,0.05736959659545405,0.004269089931001217,0.02444423006534111,-0.003761561280136201,0.0037646549619909254,-0.004534583671801656,-0.0013636056855868967,-0.006731851782203539,-0.004678269974259019,-0.011581839708725053,0.014263995855657043,0.22448662700491515,0.2881703843973077,0.20728180927166623,0.06800059155681137,0.100348564935568,0.08356145613837644,0.07891145206108263,0.35387195863726284,0.10369918521624107,0.1605823258168188,0.08431762058140205,0.2863490995769267,0.2881703843973077,0.35387195863726284,0.35387195863726284,True
ovrbench__FinancialTransaction4,0.09643082193517094,0.27203519230843626,0.21321847116485276,0.05182113690011186,0.0400026178590407,-0.06773359049240388,0.06635267276662593,0.12712075316227245,0.18864575257389432,0.29119764524251335,0.22248580819632297,0.2871815262949327,0.19447132963530103,0.25808592848246625,0.18532368154076795,0.24417599514489988,0.15646096885293556,0.20267009000634392,0.107276587071632,-0.03975091033442285,-0.06327739702836717,-0.04937510054778894,0.0632819874327449,0.03902461897341618,0.04756306396609656,0.11415211587990504,0.09721783162232511,0.010158662181515713,-0.006270812875349026,-0.03422567922776724,0.0423810059519349,0.012224348616177437,0.29119764524251335,0.11415211587990504,0.29119764524251335,False
ovrbench__EEGEyeState,0.04962908905103858,0.7205006393549924,0.5492660497666098,0.017729558884133627,-0.007595506666304059,0.024477600553088064,-0.020965389606134907,0.037849580028812856,0.007993953244055144,0.8090995435490873,0.6409006423934729,0.779434842333286,0.430135140567897,0.6254768248424197,0.181966070839295,0.3388970606764372,0.0748990452038679,0.14659687360459123,0.035440229423273885,0.03440206421228096,0.042012888672616475,0.036122989508231895,-0.020965389606134907,-0.00981420412549673,0.015611607598368533,0.4290484901958491,0.16397857570294858,0.05484843284076524,0.0015117351029247158,0.012879662131493568,0.19609091814730062,0.06681280017552377,0.8090995435490873,0.4290484901958491,0.8090995435490873,False
tsbad_m__101_SVDB_id_18_Medical_tr_1851_1st_1,0.010705915186730443,0.11251929732252886,0.057432145832959657,-0.01539176649348859,-0.03350296755288548,-0.011580280460072968,-0.01122449959902695,0.005120728341075948,-0.04401938013800574,0.07710673122656247,0.06149550520293244,0.10248342520036907,0.05075130500684179,0.10780293276229382,0.022414773478070967,0.07856995135460558,0.003682857569809851,0.051788662673804754,-0.0022646039898948896,-0.011929841896524787,-0.005480541362577857,-0.006563422307223454,-0.01122449959902695,-0.03227234985421599,-0.034129279840311576,0.043378560063438924,0.12034487920552725,0.005179515200620709,0.05855881882050681,0.025360908302158338,0.0204226475618971,0.01712586846897458,0.11251929732252886,0.12034487920552725,0.12034487920552725,True
oddbench__GeneticVariation,0.17421613245822626,-0.05490223238356676,0.10932148066995634,0.24613313973279197,0.27817685579669993,0.17125457624326731,0.3151622573732141,0.11664377459870688,0.25991907520005714,0.015282496714141117,0.1017394562083567,-0.04715234716707272,0.12081547752365272,-0.07194775256005767,0.13395026097936324,-0.04590610309433893,0.20354929588719659,0.06707198797940941,0.2940226149554354,0.22204288417013726,0.13456776780307722,0.1320863530180142,0.24125561254324104,0.3172493304810006,0.3141946675325825,0.016910523705326485,0.07745877110535059,0.28272440239071917,0.0007960723425598873,0.177740830131547,0.26454288650863345,0.20887127968843378,0.3172493304810006,0.28272440239071917,0.3172493304810006,False
oddbench__BuildingInspections,-0.10641250025189955,0.07637496372782511,0.07167674955324653,0.09837062097152843,-0.08314689043170743,-0.09840164708210852,-0.17863687954616178,0.07966976005774487,0.14043339750863285,0.03501272470946688,0.07406313521317064,0.11076382922366244,0.03288030285345193,0.09806450151241874,0.0009151337697568536,0.028183165728415154,0.012965745990477107,0.028735121748017584,0.0631493021419828,-0.11735571917451852,0.19051217683762942,0.20306321023223695,-0.19618851772740048,-0.1824966129199314,-0.20074623604225286,0.254848905608101,0.003726035493042659,-0.13120635608405354,0.10665071091771458,-0.140175232159069,0.03341930723735058,0.0677145835377662,0.20306321023223695,0.254848905608101,0.254848905608101,True
oddbench__GlobalTerrorismAttack,-0.405922922944435,-0.45601195993048305,-0.47365316748961767,-0.6724654823592452,-0.72030495994128,0.021937059751119595,-0.06025504821943974,-0.16887522243808614,-0.03430905218903498,-0.11454083034884828,-0.4518526844656768,-0.4241901427434877,-0.45316965603557574,-0.4489889762767594,-0.4109611611150105,-0.40499821434394395,-0.35247011347689594,-0.35721188950898997,-0.3133290519203729,0.09856838137750215,-0.14439038172919116,-0.3302868001620518,-0.061946902515092744,-0.042826466828943775,0.0009664225459082176,-0.571605529633156,0.04099231550078241,-0.15006297729634957,-0.07300378005882971,-0.22064399375969804,-0.23744056027344948,-0.1345565044362426,0.09856838137750215,0.04099231550078241,0.09856838137750215,False
oddbench__WaterChemistry,0.17817646462747558,0.6044275507459386,0.05454775089167057,-0.05802975013527219,-0.03254236870760743,0.18147461105536794,0.11296400546127001,-0.06245549561697981,-0.01954516170857554,0.5358426372271328,0.06634864489387199,0.6296653977857045,0.03814530074027769,0.5213976808501137,0.009306240339813303,0.38900455483820773,-0.02302530578769161,0.20540424882759722,-0.0406095834331529,0.1488677119856625,0.212511300365182,0.2438715397983468,0.11296400546127001,0.03958305350116129,0.07038911240967934,0.13285794324389,0.17078413734664474,0.12357028700167581,0.056932255337870455,0.043303844068458414,0.19125150841913088,0.18309976610234666,0.6296653977857045,0.19125150841913088,0.6296653977857045,False
tsbad_m__096_SVDB_id_13_Medical_tr_500_1st_44,0.03289800363461696,0.18422485538648914,0.1606170190074485,0.07479333555267614,0.07445198046567965,0.024803832032292368,0.059396630064281836,0.055436266438871534,0.03812349650265371,0.21558268198047423,0.17340535996456238,0.1966356789398165,0.1440790663818836,0.16845319865606653,0.11210760832831254,0.12915828338761312,0.08734656207069465,0.10110162714426865,0.07469643108629838,0.02569552680304418,0.03634991934025998,0.04290552709884223,0.059396630064281836,0.04305769693723441,0.014580066366266284,0.16987459028028445,0.14749732352986167,0.035220483828731705,0.044994364704695027,0.03269150879439442,0.07395685679131032,0.10882402498743698,0.21558268198047423,0.16987459028028445,0.21558268198047423,False
tsbad_m__095_SVDB_id_12_Medical_tr_6264_1st_6,0.006319141283735536,0.12101932320387218,0.06590320052355025,0.023290170993917957,0.015128216636222885,9.65146256509178e-05,0.012887316347047104,0.011314699912743727,-0.019596598581101746,0.13639644884721755,0.08121539643657495,0.13788190013277904,0.056195527458059426,0.10355805523448096,0.03755519295338886,0.060978813818616875,0.028522889368735767,0.03279213048732717,0.022523655588617637,-0.00035349623430681426,0.0013642858774459913,0.007755139834642642,0.012887316347047104,-0.008437589864676687,-0.014929996391196756,0.12354509460265176,0.06937391267799867,0.00039788825950384853,0.015937637779606988,0.003481917021109867,0.03260911434988862,0.022676193743812145,0.13788190013277904,0.12354509460265176,0.13788190013277904,False
oddbench__SalesPerformance,0.25406728665042383,0.06599465171329055,0.20927945572060608,0.19147838857714708,0.2686635176250392,0.43446373239805,0.31872218438791294,0.12252414549080788,0.41893164815446615,0.030047679071575083,0.20851678139047386,0.08101072801347617,0.21933782920719297,0.10975289326700889,0.21843163858250542,0.1673506862671962,0.20646296055641988,0.18444817636771116,0.18019146102733935,0.34632113166328726,0.43613344823428674,0.3799622981014312,0.3921911956236022,0.3157130128234075,0.32202276570056454,0.1320848966972415,-0.01330074019896469,0.24415988896561625,0.023061126215214486,0.14600004198746253,0.09677769581144267,0.15100317163788338,0.43613344823428674,0.24415988896561625,0.43613344823428674,False
tsbad_m__103_SVDB_id_20_Medical_tr_12167_1st_,-0.01970442445253903,0.046862487299507094,0.004895060883467944,-0.019122752593094906,-0.01837788615964655,-0.014692278101737257,-0.021827268098063256,-0.016196091040972374,-0.03051690117172063,0.0499269195508803,0.008132139524665103,0.05372827745501056,0.001030798109030202,0.03964736123438,-0.0061652349304990245,0.020091253132264102,-0.019590231186316042,0.0032713234922395356,-0.02096697200887873,-0.015681428362668153,-0.01590417894222477,-0.018624762174739035,-0.021827268098063256,-0.022251807071922633,-0.02474198049416502,0.02787918889530706,0.039331783634133206,-0.022291028412527326,0.010611137482032006,-0.014249894058322285,0.004620687371359027,-0.013992507848264786,0.05372827745501056,0.039331783634133206,0.05372827745501056,False
oddbench__CasePriority,0.24578689150582528,0.1478636953028671,0.10744107804582123,0.05878755931803504,0.13344546913113958,0.16513052491547583,0.10360437884546908,-0.03652257979979594,0.007827043699761161,0.26083738961860137,0.13005441819190916,0.22318449258027165,0.08226640762450875,0.0748719928077775,0.0541526842649943,0.001923142822830465,0.04308667301737498,-0.0014170779945870296,0.04049158641115877,0.08660774178175894,0.15174222741937135,0.12793136105105313,0.10360437884546908,0.10360437884546908,0.21123914231957758,0.9106605711038435,0.611372944094958,0.2643251365560083,0.17753483593616748,0.22879903831067436,0.26151589620016763,0.2660475592474728,0.26083738961860137,0.9106605711038435,0.9106605711038435,True
oddbench__ProgrammingAnomalies,-0.07225202555837316,0.04608577740570357,0.10688241051420523,-0.06962865801976642,-0.06832640073594494,-0.007038487659420056,-0.0694091740984313,0.0063328370806855884,-0.007283427837667715,0.1217462084742488,0.18732461165022352,0.04335787896969536,0.039973439726648116,0.10132921351141455,5.8792966378453424e-06,0.09388544151392894,-0.031227606437610102,0.02695345095211792,-0.038646218276479606,0.03386435877673595,-0.009587335832432427,-0.026212142707544083,-0.06197418776454917,-0.08052692628739332,-0.0731435473988371,-0.041310917039536016,-0.05718712323881011,-0.0633188194902061,-0.022039768028972718,-0.04372455258587589,-0.06462130793527755,-0.03476165797490189,0.18732461165022352,-0.022039768028972718,0.18732461165022352,False
oddbench__RealEstateProperties,0.1218613835476426,0.05929137120828753,0.1325243769822818,0.04621397905495645,0.13639419313799983,0.08545352506680592,-0.03004026599542185,0.11386840069697288,0.15416128773116194,0.030939264962199033,0.11668667720393659,0.050962835491180955,0.14614563891466478,0.012455169369355184,0.14561748661119192,0.04037297477271189,0.16345994303543687,0.08468864611659044,0.16906012456232264,0.07023529983202242,0.09976404563354131,0.10969237610735552,-0.03004026599542185,0.03802413412123071,0.07752780280230648,0.13021144249331543,0.07679762697852861,0.08934510292971198,-0.010321105001338267,0.11886314121813744,0.12861864969354703,0.13281515367803778,0.16906012456232264,0.13281515367803778,0.16906012456232264,False
dami__PageBlocks,0.12215269176352063,0.25634863296803284,0.1439217365058166,0.2519050930552378,0.09473803655260105,0.026639550550341614,0.19556510621619072,0.07493975171852103,0.07780600898695648,0.23268589417757124,0.15285687965377076,0.2296342937391353,0.12458420955780332,0.25070190981474094,0.10831341855821115,0.2423831945851214,0.09054237566165502,0.22390612854361283,0.08578531697822733,0.03560587789520892,0.0252123815905664,-3.263635557072446e-05,0.19556510621619072,0.14824527722488862,0.13152553070811632,0.21093871794071242,0.03251240757147947,0.20320401598027635,0.04154360807739594,0.20811086627801825,0.15438312891736078,0.20422310541709648,0.25634863296803284,0.21093871794071242,0.25634863296803284,False
oddbench__CourseRegistration,-0.33559937052414457,-0.09224399070231346,-0.13827836053873754,-0.4031299355736676,-0.3486913433840515,-0.061433275988034934,-0.23983299649906625,-0.2346187995250181,-0.04748007628269439,0.06368980978217985,-0.1435372323630521,-0.022030710681139213,-0.12751939127984643,-0.13250467919113512,-0.13708969447928032,-0.09162471764125014,-0.2007615485974222,-0.045762455424193424,-0.2135304742725101,-0.03284002557142828,-0.08208624971160015,-0.26009286039794927,-0.3526492508714484,-0.2181838368688576,-0.34840397513236215,-0.052178258576453564,-0.04609268531884157,-0.4604769799797983,-0.18902264521010476,-0.453001680242483,-0.38639138196586126,-0.3749768774956101,0.06368980978217985,-0.04609268531884157,0.06368980978217985,False
oddbench__EmailSpamDetection,0.26890640893665635,0.19108991680570964,0.002966398081473019,0.1549520468300116,0.05597823045180422,0.6679515439943989,0.28963355096408056,0.019814249958471156,-0.01174707978167955,0.10804131500012187,0.0017861298142313542,0.19003179859365893,-0.0015952126746144493,0.20188567590246423,-0.011321640230755927,0.19829388683964785,-0.03531743138771429,0.11952863267027584,-0.05949015121592736,0.629312039940201,0.6739945541105257,0.6768173508687734,0.2934399229549975,0.25975172366161764,0.25568377866490527,0.3048374088832597,0.23427177374312572,0.3125098244807163,0.18873277535203395,0.17420996847733008,0.35504813537942104,0.2505572890826385,0.6768173508687734,0.35504813537942104,0.6768173508687734,False
oddbench__GeneticAnalysis,-0.015763451423791465,0.0659933385170721,-0.019521289818971152,-0.006957777588297713,-0.028526320405277767,0.05458778626720154,0.011081617216095008,-0.03065163153595362,-0.04281534392383952,0.01778914260945595,-0.016881553163345036,0.039755703544614183,-0.028476301245132295,0.06493216473270304,-0.0406366211510801,0.030799316515068297,-0.044449276099898044,-0.00012585461168427908,-0.0447294726674687,0.01118902016003984,0.06042062650920733,0.07502809960526144,0.009793129475111571,0.011081617216095008,-0.02798552442703806,-0.025255413377563346,0.024219449407836564,-0.0022446475569958707,0.012016721844007252,-0.009779107899254964,-0.00832804928116867,-0.023848986647258034,0.07502809960526144,0.024219449407836564,0.07502809960526144,False
oddbench__LandShapeAnomaly,0.17533904407287326,0.10510882217301801,0.06705799862445393,0.05781727319043796,0.14570579425400296,-0.032194958764128555,0.01794069223996831,0.022505170077615117,0.08879890210679374,0.020683297420348273,0.07172413889952405,0.07526057073568598,0.05279497168329841,0.07487210277486797,0.010574502097947096,0.008538940789262895,-0.00031596774220337814,-0.012704409457208075,-0.0016677640367726242,0.011641660874665444,0.08101900814372542,0.11024044116972219,0.01794069223996831,0.029655172931666682,0.03303842857084061,0.17722346981418843,0.0139545956636376,0.09956253498177103,0.06516430953292592,0.12767784604071256,0.13678510340245906,0.11432436249781143,0.17533904407287326,0.17722346981418843,0.17722346981418843,True
oddbench__TreadmillStatus,0.17522209976814243,-0.012747801684247875,0.35646112596273843,-0.014414707093410986,-0.10196415889796288,-0.0329003139840091,-0.09771428936691423,0.06251649176156628,0.09082027785409791,-0.02872384683735841,0.30964225531943435,-0.05383557176540836,0.41745446023399957,0.07726195739753179,0.4316851055042004,0.4224048140308464,0.480665908721717,0.6245036817326286,0.5546948785174123,0.06314314171314789,-0.10614138218207922,-0.12770830958591983,-0.024916953545168,-0.09771428936691423,-0.03483334914297136,0.6920245939577975,0.6624722840062566,0.10881892176070403,0.0683569187985386,0.04991651791019906,0.4691886487278701,0.16402760097385335,0.6245036817326286,0.6920245939577975,0.6920245939577975,True
oddbench__TrialBehavior,-0.027866755177317494,-0.04882932605957743,-0.03519693819381131,-0.05980776731607703,-0.11893368965707292,-0.05938484734443155,-0.08007661974231753,-0.02291952727161556,-0.12048370767993519,-0.03107979671034346,-0.04631597382179409,-0.059219104231842117,-0.030572404327149492,-0.0453388616871465,-0.025826971189188936,-0.05644726358047526,-0.016380323751856635,-0.042042075775227096,-0.007970436929439923,-0.04767139278901817,-0.07491544085773455,-0.07744896750383917,-0.08007661974231753,0.12414969732586024,0.12414969732586024,-0.029233522024280843,-0.0013849091783275551,-0.027356620608644994,0.006340826985599568,-0.14959860194856806,0.006290703342756894,-0.020934649367936282,0.12414969732586024,0.006340826985599568,0.12414969732586024,False
ovrbench__BCellImmunity,-0.04426757720600515,0.06386388157266598,0.021868670292847555,-0.037622720557168796,-0.05145212465955312,-0.011308083778150627,-0.06411355342963777,-0.034128017110884284,-0.06032043918338552,0.10994251336885337,0.04487871557193174,0.09390690752932707,-0.009532902674371225,0.05338570850794699,-0.04311145334658946,0.0067203542922901404,-0.0511591799454049,-0.03098979199180725,-0.05636064242961532,-0.01110376604579653,0.03306016003980716,0.09917058556131829,-0.06411355342963777,-0.0635769853484646,-0.06735577605270539,0.23371674845664442,0.09046049673172014,-0.03989583750055355,0.04362890740706926,-0.0472338556917806,-0.00949487431789826,-0.03172593301054495,0.10994251336885337,0.23371674845664442,0.23371674845664442,True
ovrbench__BatchProcessingEvents,-0.06932620677997227,0.003902070094811663,-0.05041968407091892,-0.08613016276719224,-0.07343784781638088,-0.07076444302392985,-0.009134328857561942,-0.07132768408269415,-0.04844323579910372,0.011460238631515214,-0.04624847455408898,0.009821257786298223,-0.053616453014533015,-0.0027987686119788063,-0.06458652078486479,0.0030068903502905053,-0.07066972630229104,0.0038473478126804152,-0.06190055045796993,-0.04799781166133497,-0.036772754326890825,-0.04728199574252407,-0.023535301636614308,-0.007084492457870896,-0.044284063447314614,-0.07293699216406516,-0.008384866123308191,-0.0466140716620969,-0.06321204056817736,-0.05520819014531912,-0.03166723496437153,-0.04393619745498025,0.011460238631515214,-0.008384866123308191,0.011460238631515214,False
ovrbench__SolarFlare,0.32386535280024753,0.004456141080008191,0.39318902822884216,-0.07168990167459446,0.23399932512380514,0.3602237473374816,0.1284869355197245,0.07560933510990879,0.16995433173168104,0.29622232818307487,0.44674963359654846,0.1466197314558292,0.2401688958625879,0.11049436426041963,0.21348638931923947,0.11069271263048061,0.12291350822203183,0.07250419387887087,0.08239824157897396,0.27850874489742444,0.38612744302784424,0.39265721498299694,0.03090988115790906,0.1630744716915065,0.1734064316704992,0.4137477814695052,0.13042963169963875,0.2187294608155978,0.23629921737476606,0.21232973983388914,0.3253507088773467,0.2533675085528955,0.44674963359654846,0.4137477814695052,0.44674963359654846,False
ovrbench__sf-police-incidents,-0.002212634511607414,-0.0606618345388146,0.06957968487056676,-0.1215501483457225,-0.03666509478096566,-0.03166439418474626,0.02856698116289669,-0.0015455358178127683,0.05854833086143154,0.007615806444829746,0.06457796653670392,-0.0065125328878072675,0.0721854536576772,-0.049719855586211684,0.062008659350822434,-0.07292556007953695,0.07146180877174158,-0.035432858076665616,0.07851579108162705,-0.03733802269672286,-0.03612700725688083,-0.0318584090752913,0.02158317531771749,0.021750598659632744,0.0395772046296498,-0.10587488610891795,-0.051929332214142636,-0.016884698143156796,0.01456602200357216,-0.04347696757296162,-0.09576312332009725,-0.07236367667606378,0.07851579108162705,0.01456602200357216,0.07851579108162705,False
tsbad_m__088_SVDB_id_5_Medical_tr_500_1st_168,-0.1358327236058875,0.0557987195220428,-0.011556767374714377,-0.07515622888702442,-0.107184835316339,-0.11899919278902678,-0.12601668776350472,-0.056000226048738166,-0.08611443662180562,0.06442080080865452,-0.004040611848242675,0.052641437130671126,-0.018318070044389158,0.05626383788156769,-0.031627277649143276,0.04953229087031092,-0.042131789983101145,0.024980205239233333,-0.04988208114015062,-0.11795983702305438,-0.11673174724390498,-0.12463541364168043,-0.12601668776350472,-0.11793854269741431,-0.1036627377479007,0.1387720424975103,-0.03825532193536239,-0.1159451886921641,-0.0400656259114664,-0.11662656405304561,-0.13516755153011628,-0.09533986305675186,0.06442080080865452,0.1387720424975103,0.1387720424975103,True
tsbad_m__098_SVDB_id_15_Medical_tr_500_1st_30,-0.014491318125422757,0.141228672798263,0.12057045562385374,-0.040126892070003604,-0.04433968402451008,-0.009461480090775803,-0.041164433032887034,0.04957065014862059,-0.02454789909912175,0.0967110771665917,0.12149872249511641,0.1224846390427267,0.11563843127577879,0.14346762749381872,0.10043894808818907,0.1331753028059097,0.0790956012889123,0.11617923624665098,0.06893855610065355,-0.012671371701991339,-0.00941144149728869,-0.007850326570417869,-0.041164433032887034,-0.04729595769108517,-0.04708985467172977,0.0697673645912152,0.07378420441738173,-0.013165792980867078,0.05319222458268018,-0.002614823017546727,0.025277562273775853,0.029841486684946225,0.14346762749381872,0.07378420441738173,0.14346762749381872,False
tsbad_m__143_CATSv2_id_6_Sensor_tr_50000_1st_,0.02010280943409073,0.2774104567568748,0.2249134421080049,0.09757857217567802,0.08727376924086425,-0.003145044679365688,0.3983387061404389,0.22385720102683812,0.20207835055301815,0.23098374149439585,0.23433142536220403,0.2888640152158631,0.20921729301567563,0.25159878193211643,0.2196305299947824,0.21003844953759132,0.22070007840443037,0.21529857265883928,0.22779775961908202,-0.0020062625510485297,-0.0008101161803783456,-0.001289034093690597,0.3998500625408516,0.4004258855439799,0.3991474367254716,0.38271249454229084,0.49201004384053304,0.3899937444980709,0.39798969453085303,0.4342419280131214,0.44124044204934976,0.37827446023308536,0.4004258855439799,0.49201004384053304,0.49201004384053304,True
ovrbench__SpectralImaging,0.6808268548532669,0.4798189588735515,0.03503961106719359,0.22078559122464936,0.19806645501356465,0.8216377002248999,0.5711366986429476,-0.14189895426063698,0.6243892344517619,0.22646378360951805,0.05591998780067052,0.4296611122110296,0.0026408411404488024,0.46678213441739314,-0.07099131558820684,0.3966478857887683,-0.161934078447597,0.33095362359086716,-0.17405063660547193,0.8261746356769859,0.8295881738747892,0.8333366632505186,0.5824077661230217,0.5772821253024748,0.5804007190758168,0.42245124726491307,0.214679904647571,0.540185554585749,0.3154162807502472,-0.3017927122877143,0.6219369815194613,0.47450797728259714,0.8333366632505186,0.6219369815194613,0.8333366632505186,False
tsbad_m__097_SVDB_id_14_Medical_tr_1031_1st_1,-0.04067609298957407,0.012913452580610925,0.01610067590918304,-0.05752552012145096,-0.08846289282718156,-0.06460231873778777,-0.07818538599016393,-0.018858116854161097,-0.08584262897546038,0.07509838514386385,0.02131794569067832,0.029843000083263797,0.010086017284138334,0.001795179324301432,0.0023969251748388373,-0.011761017023383499,-0.013932036054330701,-0.024586450340028942,-0.018356513664439817,-0.06804029054580049,-0.0567789843007084,-0.057880626300217106,-0.07818538599016393,-0.06385262840444425,-0.0509377339945325,0.10364071968759947,0.07702847442937437,-0.039076026949483755,0.022691448979513376,-0.02607355332034492,-0.011270763778688837,-0.04400648385797301,0.07509838514386385,0.10364071968759947,0.10364071968759947,True
ovrbench__CardiacHealth,0.2012451636615854,0.9352768803033134,0.9776706364120136,-0.12768905578014983,0.09062819788017121,0.3026502301861533,0.06314884593089053,0.1777571443492154,-0.0030345951778907583,0.9753591243891344,0.9785626670624772,0.9807680259584184,0.9771887334819582,0.6120891271804989,0.38004334499862524,0.22910082767889417,0.20411969406548988,0.164309493388241,0.1862231966428794,0.2904934291219341,0.29473894596636574,0.35990798421913606,-0.20601430655900765,0.10800617402264613,0.0907642795250731,0.6502813288061458,0.5304234960647463,0.2501164640798417,0.035741556523384066,0.1929497347769791,0.3677669003170255,0.3608506731229309,0.9807680259584184,0.6502813288061458,0.9807680259584184,False
adbench__35_SpamBase,0.7334679386524033,0.3174715705434282,0.582306736884974,0.24486127249962575,0.31779712040826974,0.6155749251571555,0.6656696226277742,0.5010265597916116,0.3511030433339167,0.2786334467388727,0.587330470110228,0.3148988758989789,0.5634312385442058,0.3417202742316754,0.5381682396256301,0.4130313006533561,0.520637020404308,0.47115815859058546,0.5127818785800216,0.5186185258248008,0.6371183219798379,0.6143210335869128,0.6651744957324144,0.6662186062245976,0.6667820429281587,0.6784892019052059,0.7381677924652584,0.687445560650549,0.7635960232633789,0.5485359787009908,0.7000186629309518,0.6894391455553096,0.7334679386524033,0.7635960232633789,0.7635960232633789,True
ovrbench__ViralProteinFunction,0.18774152664357197,-0.03405492849866942,0.14856047970813813,0.22337635297112765,0.15269450047039265,-0.0010437851029935453,0.14393693957581621,0.22289066962840506,0.06629104881819754,0.004536230776465648,0.11739877158379326,0.019187084550204354,0.19457208812847526,-0.039118839794583554,0.23936506660220713,-0.060476083905791685,0.2510104725472787,-0.07622104702843134,0.2553690970825496,0.022908549318449347,-0.0045039470378244,0.0041368841316687215,0.14393693957581621,-0.00616925258796199,-0.00616925258796199,-0.02533525353078976,0.0035648694631790854,0.1612732329245656,-0.027387831614166188,0.1406492386961034,0.25177145108140553,0.13969503903310915,0.2553690970825496,0.25177145108140553,0.2553690970825496,False
ovrbench__FICO-HELOC-cleaned,-0.03309223151409612,-0.019173527765618353,0.038537169021396145,-0.07695626376034526,-0.09365039410279101,-0.12081935973534184,-0.01591599121833296,0.06938493559295937,0.06447751663857276,-0.017619049945661283,0.039613164306049616,-0.019730787836320318,0.045925684858785135,-0.012099186101637427,0.05574030866262421,0.00022242945236815984,0.06726216954964384,0.008269997265735195,0.07252613009570591,-0.06749752649973449,-0.1398158230852667,-0.1384643509964553,-0.04755659508666467,-0.013770652665784523,-0.007588139093694578,-0.0841689872982349,-0.05557379682643013,-0.015345534049753638,-0.10072450344180928,-0.04559582470060211,-0.0524762370821535,-0.021686404681621488,0.07252613009570591,-0.015345534049753638,0.07252613009570591,False
ovrbench__SepsisMonitoring,0.04204407296782222,0.01574415001468256,0.09945708881266414,0.014546433252433337,0.02124208834176611,-0.023901823486634905,-0.022205866211158578,0.07706744867465322,0.04083012837367894,0.09450364352160366,0.10262710667043622,0.02547947910619481,0.09297044266243079,0.027000014089230195,0.0890424365599843,0.061682735245972016,0.09123769969565189,0.04523842245643032,0.08226932812323366,-0.042315305732543995,0.0011018470737858823,0.008426066086000987,-0.02149973842090901,-0.03066171012751536,-0.021526420667737075,0.12816643770384434,0.05493773175297546,0.009932196964426944,0.03644028581094561,-0.012375806426266692,0.05447008036400577,0.0053363083772060525,0.10262710667043622,0.12816643770384434,0.12816643770384434,True
ovrbench__CryptojackingSystem,0.012328232416181846,0.32222294065910556,0.11827099564280054,-0.053598957436324646,-0.025345215877326892,-0.011450353551049949,-0.0378733209785905,-0.045238363472256835,0.07735184853621885,0.23884232146125067,0.1332629649210028,0.28416426142968254,0.10120812137522012,0.2691134734098104,0.06553402663956784,0.21738858103450243,0.03886563109846897,0.050731548292802305,0.03240704768946627,-0.021165625940712526,-0.01205779172936726,0.0005411529396833233,-0.045923414668359086,-0.035300816834521215,-0.04298068586825843,0.06069476250386723,0.105825877436284,-0.011981154379013526,0.049117396268181776,-0.0167417791374529,-0.015547601970584737,-0.0018571633160198674,0.32222294065910556,0.105825877436284,0.32222294065910556,False
tsbad_m__142_CATSv2_id_5_Sensor_tr_30704_1st_,0.006095129710266202,-0.028449921285286423,0.022033239424892805,0.10120763180318297,0.04210579435589463,-0.014490800938974542,0.01011492813762707,0.07048864957465158,0.0512653521277495,-0.03822274534242163,0.010378049448018177,-0.038180305946426824,0.029914662905968503,-0.017936830338384228,0.03520284529472001,-0.013052830692321838,0.040992846428875455,0.008923780959566278,0.043106792198368674,-0.010007181669052933,-0.015199336860463628,-0.008021443202052772,0.015767785744293585,0.01096555122664926,0.01083605463088877,0.003258614526299534,0.19151242475506514,0.03188988082104358,0.03815211878716596,0.03115585522375123,0.04273755117769408,-0.005308496887099714,0.10120763180318297,0.19151242475506514,0.19151242475506514,True
oddbench__HumanRobotCollaboration,0.06872604125673062,0.280538260902894,0.43560261984395854,-0.10189362664521232,-0.016727769060265615,0.20133996785442376,-0.2260213354722563,,0.013216614502496797,0.5827721047151759,0.5762012941864567,0.3040763899287924,0.26203251240047526,0.1637102227543511,0.08695988527137467,0.005103666904831203,0.009621241372262864,-0.017275718916134334,-0.010443405695618151,0.3054248628670687,0.20782904816741227,0.22650678438713986,-0.09756002754972166,-0.12184967176233172,-0.12184967176233172,0.1753743684765232,-0.005705295544745416,-0.026530283236695953,-0.02842209879975748,0.001362253257062205,-0.08733316072085515,0.06575262800674063,0.5827721047151759,0.1753743684765232,0.5827721047151759,False
ovrbench__visualizing_soil,0.30400949020703893,0.22374237652358542,0.251497818521932,0.08595588850974122,0.13989305850209557,0.49961973618657657,0.0028711266494218777,0.16097218132949775,0.23357957665337514,0.18515267745478836,0.2638870357871295,0.23456642007990688,0.24649159211784819,0.2400368084034277,0.22066697222173548,0.1343043127254755,0.1348034943283194,0.15533466288123488,0.12451486636193584,0.41683324996892274,0.7497597016188647,0.8187161717619813,0.07362446434936334,0.0028711266494218777,0.15045158088175273,0.08923182118361159,0.0075604558736223305,0.22543246847317663,0.14330204934767654,0.3591691476458997,0.219899529156699,0.43615385603925794,0.8187161717619813,0.43615385603925794,0.8187161717619813,False
adbench__44_Wilt,-0.050775408814566624,0.48314304603996167,0.19073438851773084,-0.0642778789930721,-0.08082643972393706,-0.04846331913064351,-0.08224154526871497,-0.020368481402426728,-0.08467721523550982,0.6714511049481845,0.22575419697346438,0.5992999068988406,0.1496584953808134,0.3425156005873586,0.08300082616007912,0.11242722286331576,0.03074350535767224,0.022986075179392176,0.0018170328803651975,-0.038760121983350715,-0.07575372164423545,-0.06922221287623789,-0.0377357347689197,-0.055640599143873225,-0.06458766617921845,0.26444180885860646,0.3774523809974075,-0.07197463933434245,0.13559477088821206,-0.07940363474357001,0.0066445821921095865,-0.060772843678636015,0.6714511049481845,0.3774523809974075,0.6714511049481845,False
ovrbench__BankruptcyForecast,0.020324946171896074,0.011847078624136202,-0.0014631801101395393,0.04169136621678453,0.034849119758067135,0.029997001298621557,0.002812677391585095,-0.007396587491757551,0.0676217520121365,0.0010293124420120011,-0.0005765952338956302,0.01126215587841708,-0.004086409883022554,0.009907787976501069,-0.006818524798421069,0.006322217122500563,-0.008896524969243187,0.0018812786988791994,-0.009916322795828584,0.09918638596023259,0.00901462581396178,0.011969984449530648,0.007326753205722202,0.004918905032215219,0.005594952179492794,0.014033076573099098,0.04044569895681028,-0.0038681805308745047,-0.03252771637902442,-0.02148801653542278,0.0042197355314049735,-0.0019154427446901865,0.09918638596023259,0.04044569895681028,0.09918638596023259,False
ovrbench__HeadingDetection,-0.25686245675864444,-0.2410027050637994,-0.3000607251152796,-0.5103224137302793,-0.5904437066182795,-0.17270877524978176,-0.0331962916463968,,-0.4925538845270612,-0.10064616135475828,-0.3165700581100605,-0.2929315627075274,-0.2497047707675646,-0.18626584951224684,-0.13565426110464704,-0.0438223859582892,-0.012982337686888662,0.07814705617100853,0.04671042114487009,0.0769961746306275,-0.3107065443611368,-0.3640000903244414,-0.0331962916463968,-0.25919202364730304,-0.19111810981915817,0.2221630741744194,-0.22919707596460578,-0.13899270462996796,-0.038247760494640175,-0.5136223304679928,-0.18993374694972417,-0.19292269618294125,0.07814705617100853,0.2221630741744194,0.2221630741744194,True
ovrbench__guillermo,0.03430815170347258,0.016663373891105573,0.0043917486541181,0.03782003239660563,0.03446295043133265,0.025497207402390833,0.045245866537055285,0.030285980930164765,0.005408667004674559,-0.05930229231663499,-0.04373195864631993,-0.0002600289972240146,0.03146967874940541,0.02427860153046696,0.029091007236895176,0.026747268467487477,0.03059147844844771,0.02798116770884489,0.03117038074226506,0.029374028384355873,0.018605672189806965,0.013073810193440066,0.0453101192919255,0.045223087300009526,0.04524285934926055,0.007301096495779413,-0.038401222975152166,0.04537782530938981,0.0036953156318358976,0.0467651705515668,0.04018483262712977,0.04214806887843416,0.0453101192919255,0.0467651705515668,0.0467651705515668,True
tsbad_m__093_SVDB_id_10_Medical_tr_500_1st_37,-0.0591064057007962,0.08154525570022708,0.011320880274340042,-0.05080448937549263,-0.06302507325004827,-0.05904703480124857,-0.05604027913643382,-0.02739463075292357,-0.046445456340883824,0.11923985800576786,0.018217523856903464,0.09279896807466902,0.005112563273923769,0.06916814048555149,-0.013543571822832565,0.04531680894813637,-0.02856164244807101,0.023929146469159782,-0.03527960608560997,-0.05892429962121231,-0.060054563133038696,-0.058344887485724445,-0.05604027913643382,-0.049933507341812504,-0.05304871516151671,0.052075343039256476,0.09635766171075681,-0.025965277489711808,0.03878370574535206,-0.022489257831114173,0.07121331077788816,0.013785621042317312,0.11923985800576786,0.09635766171075681,0.11923985800576786,False
ovrbench__PsychoPrediction,-0.17713710173501696,-0.011653516909349402,-0.027597879747851703,-0.250390266688009,-0.19067687551370924,-0.04204532095040325,-0.12950364804606415,,0.011093897080005308,-0.04155715820907896,-0.06602585600528922,-0.011989308789642585,-0.01881504509213554,-0.04491395499391349,-0.09507287976429028,-0.11276379492740116,-0.11772872808334006,-0.1286252866490697,-0.1307024731583919,-0.03401277181628457,-0.004073731735559155,-0.015262690143077528,-0.14007109208597712,-0.1425874626565124,-0.1425874626565124,-0.009032437567780237,-0.005688183334748948,-0.15142748933942798,0.026159763298332767,-0.17756422477674846,-0.15087941173869468,-0.0956610265420041,0.011093897080005308,0.026159763298332767,0.026159763298332767,True
ovrbench__TwitterEmotion,0.05366581327571196,0.1412343808555524,0.0821337177892676,0.022503414418901732,0.054153838217989546,0.08863885365388724,0.03926562383005534,0.05295816191228857,0.04915760479822518,0.1256248181987004,0.09990248344067996,0.13647059289904256,0.07003761139477602,0.13960120989351182,0.058101957956097565,0.12847221283143812,0.033544156227049635,0.09187629511188934,0.01697789927505208,0.10443975711515396,0.06679620052001765,0.061825153538518404,0.041742434719568317,0.03966399333225563,0.040269239830828606,0.0010436891590472498,0.04860934200971257,0.07476899417791076,0.00882015863308594,0.038599301283233856,0.08720376519477635,0.031806182173537964,0.1412343808555524,0.08720376519477635,0.1412343808555524,False
ovrbench__PokemonBattle,0.11935813463250529,0.25047565802060606,0.17340661083119008,0.0481300780573881,0.0024824978855597095,0.18266224430089134,0.04780906484997554,0.01997260933135679,0.04667148432189341,0.301630632187523,0.21193223009477244,0.3066666382299879,0.14460753415039027,0.19480895061998882,0.10465557198942804,0.12003031505521516,0.08379427964794046,0.08965668022058347,0.07549607968784844,0.20376465403913688,0.20736313916471238,0.23658567062514496,0.014534676322426254,0.04871033483875026,0.0734758248499184,-0.0469440959676656,-0.010917212716399147,0.0880812696990592,-0.04295100484133274,-0.026024301470760867,0.11996253885642667,0.13627630451249947,0.3066666382299879,0.13627630451249947,0.3066666382299879,False
tsbad_m__085_SVDB_id_2_Medical_tr_50000_1st_5,0.042011454983270254,0.19075969265997483,0.06995558071132102,0.054768847335248554,-0.017796749794947456,0.02642916654856891,0.08029231982222072,0.007317537890018309,-0.028548782494617293,0.15244695661986157,0.08359591265044314,0.18797341420056238,0.05581710385695112,0.18040547332564963,0.0357506610310136,0.12237256237471113,0.0255101528592591,0.077396724185729,0.021314993288286677,-0.002487120176943286,0.036820499020998716,0.041811785112288724,0.08029231982222072,0.025678272553628225,0.028145673455889277,0.02204407318856319,0.09950021485818178,0.05158741495753483,0.06812874031362481,0.05930094452338822,0.10972741358449353,0.05598078834705496,0.19075969265997483,0.10972741358449353,0.19075969265997483,False
ovrbench__SpatialAnomalies,-0.02031346160826448,0.48291224931603716,0.36961188837342823,-0.09112541609419851,-0.1351535171217236,-0.05112206543017637,-0.06019108423556371,0.11157828483297909,-0.05245084154025047,0.5739600786807301,0.4049753251958448,0.5497268716783651,0.3157163267527069,0.40435845236218876,0.18730712465027724,0.22948938086691698,0.08353364631172247,0.08916349923271023,0.01936956478212889,-0.08028006254464135,-0.04544734501144101,-0.04870356165192393,-0.06733532500607971,-0.061463116109089784,-0.08268724582894628,0.4489340129615929,0.08074426090852642,0.15492969205352913,0.4772549453857527,-0.0352621899730076,0.5132388475580719,0.13507782848646535,0.5739600786807301,0.5132388475580719,0.5739600786807301,False
oddbench__AttackIncidents,-0.06889091801050337,-0.014645660009843702,0.003910668764555913,-0.06608077684814223,-0.057512369964515725,-0.06887003444416258,-0.08333730684643835,0.027533978458264184,-0.02382597028671505,-0.021312382834049754,-0.0004004378468455049,-0.0068221824457981705,-0.0003451579072370069,-0.002239760819113194,0.01037936445715037,-0.020341105066532018,0.024696234654991458,0.003920053419464727,0.03425811156429581,-0.06565241476209321,-0.07695350347285028,-0.07317732537166217,-0.08794153916575521,-0.08744320878655265,-0.07270497419985116,-0.008902517434405371,0.006386603301041939,-0.06509771000508863,0.019300405629559057,-0.07010446959392809,-0.033684279228756255,-0.05186780955608903,0.03425811156429581,0.019300405629559057,0.03425811156429581,False
ovrbench__KDD,0.04677568562019104,-0.037439494403966704,-0.05867160559530861,0.005534409356865711,0.01455433934494453,0.019338209632828215,-0.04019495164267681,-0.04825927161754203,-0.01800315235984347,-0.011108486206592652,-0.06212851775844423,-0.015167167274651172,-0.06050792264200571,-0.033648897200416764,-0.05968968329766458,-0.007973186493773767,-0.0468189096033029,-0.023554601888044594,-0.046096646424156756,0.028197811880803253,0.009672665700792612,0.05785741512369284,-0.038319403996316816,-0.042453927086068134,-0.043160854467043396,-0.027297785633578403,-0.02319907025303206,-0.04788793357124977,-0.060020409561913256,-0.06407635229933487,-0.009243524303165412,-0.05468756801093166,0.05785741512369284,-0.009243524303165412,0.05785741512369284,False
oddbench__DiamondClarity,0.10659297787308734,0.6523059808557776,0.27650770375642975,0.0217060511709494,-0.16107293861084515,-0.03242141699070687,0.2621473870842078,-0.15348971682960372,0.046196692050579406,0.8756393916346958,0.3535955853345496,0.8108832643086625,0.15512051097080717,0.4822646600469579,-0.04566764029388876,0.08496475449920156,-0.11293539164515218,0.054987004298617345,-0.1350131155211963,0.11801184879983548,-0.08861408523233785,-0.11622722703618835,0.2621473870842078,0.16394079983923754,0.16354242061150207,-0.014371185152787307,0.056725169062391896,0.014793124777692202,-0.18117591903203456,-0.21818007332337863,0.1681078207348703,0.12278829475575527,0.8756393916346958,0.1681078207348703,0.8756393916346958,False
tsbad_m__141_CATSv2_id_4_Sensor_tr_41727_1st_,0.13159285571496648,0.3262845216483527,0.2841676752851245,0.23072668704491997,0.2535127222783328,0.04062265703343561,0.4891045747684889,0.2271071115287918,0.20104310995012398,0.3570825327640983,0.2866577273625889,0.33889072547250365,0.2808364065486387,0.32159153159291054,0.27572847636075687,0.3075966179072023,0.265552787419661,0.3038790322888521,0.24259427682348636,0.0667295904546107,0.03733704133809789,0.026030147421421356,0.49053017792439163,0.4886293163257503,0.4896806395867677,0.5164599307202437,0.5511617820803483,0.5258849841846236,0.5816691134058614,0.4796768365659062,0.5744455003438746,0.5360665996289854,0.49053017792439163,0.5816691134058614,0.5816691134058614,True
ovrbench__KPIData,-0.07192832020457912,-0.03053843527393656,-0.06348669012399108,-0.073518307177346,-0.0980026664325784,-0.05557294579908909,-0.0894225853109006,,-0.06062507471078615,0.034799650635487754,-0.052701653734355446,-0.03816920484655649,-0.05612053574541883,-0.00776806037026759,-0.023886624982875717,0.022301909562443222,0.002919398428978878,-0.02809081295416578,-0.025994675818569783,-0.02543892178154069,-0.08161677089157904,-0.05785860182415469,-0.0894225853109006,-0.09071376210333698,-0.09071376210333698,-0.01684056705611723,0.007204065588490092,-0.09060591924499575,0.1187948228192131,-0.07085484220182336,-0.08140303356379619,-0.0882216719900848,0.034799650635487754,0.1187948228192131,0.1187948228192131,True
oddbench__BugSeverity,0.04491826398713796,-0.009491489775863532,-0.0034350931541921727,0.042055163753445375,0.07497236293687176,0.10667350338834176,0.0197208614818791,0.06608911371606468,0.0025457692290022146,-0.010560892499313477,-0.0051462628054966784,-0.0066663249862694155,-0.004542534030843609,0.00047777608363111745,0.0179597772889714,0.006272710777686293,0.023604965323291704,0.029986030184850652,0.03460681991350862,0.09165421897295421,0.1021787972804349,0.10275642925649908,0.007800442721957831,0.01680324158922936,0.020256559852419635,0.03830656332163528,0.017436346373322534,0.033096312202251676,0.04122413506672455,0.02865131152743827,0.012865239131755643,0.03713677329875272,0.10667350338834176,0.04122413506672455,0.10667350338834176,False
oddbench__FishingAnomalies,0.0679461893615509,0.08812204944842271,0.04747891250038284,0.028482505047611,0.06490631868663892,-0.027191791003592484,0.1144690742464698,0.2240089912409678,-0.04344049168739942,0.03333633892693767,0.03371958304177927,0.08204232141518787,0.08557702521363415,0.07481377483315729,0.1317336651505958,0.03381572173288861,0.14194564819376135,0.26604198400602647,0.22596225438390058,-0.019630193663011747,-0.03072955951163604,-0.04453288425892917,0.1144690742464698,0.14735069176335827,0.14735069176335827,-0.057307799530265734,0.0018037711158671115,-0.012715810592817053,0.04632786156981429,0.0028674558577941795,0.06452681723444534,0.005933444871334206,0.26604198400602647,0.06452681723444534,0.26604198400602647,False
adbench__23_mammography,0.09385196403147389,0.14214925708559956,0.09087381084474119,0.19101882445873894,0.19117798769898725,0.09068957569846484,0.10992085233753146,0.039269584413426845,0.13245393957878623,0.10772565415682528,0.09329151832041434,0.1690000852275709,0.0860880467807885,0.1169383959807163,0.0692934697834706,0.05972711169001001,0.06287180659159643,0.03829324656349856,0.06297775879339056,0.1831962724237581,0.061456944797986364,0.05642653219926721,0.02492102619941935,0.1359996636365143,0.1274693290132917,0.28525724275387193,0.021466208095669244,0.1004659453908433,-0.008464989553388178,0.08379760946653339,0.14158047129556062,0.1334829490353383,0.19117798769898725,0.28525724275387193,0.28525724275387193,True
ovrbench__philippine,0.3439638389276629,0.10119572855834055,0.0792945676256996,0.30224727608866403,0.3310180894708246,0.3006309032749879,0.3168066490275568,0.06728996581887249,0.2392351897587108,0.04379539924044403,0.07723020916924349,0.09104466290631301,0.07404897410615012,0.08849768386822464,0.07329771201169706,0.0832534839505731,0.06765537271219589,0.07693529262043243,0.06567085971133262,0.2912222760626577,0.3130705406171263,0.32129291171547925,0.32074479404449885,0.31669397345136296,0.3166794268913564,0.033566015703777076,0.024387984428681526,0.2588303689321852,-0.12504139885005874,0.262553175579531,0.2342099980294599,0.316506478084429,0.3439638389276629,0.316506478084429,0.3439638389276629,False
tsbad_m__086_SVDB_id_3_Medical_tr_533_1st_633,0.020410799623801323,0.02789137201370384,0.016881901139389536,0.030639376461950862,0.05406032162625479,-0.017159218518779554,-0.0029076515814113854,0.0035253249954741227,-0.0034444244986318864,0.023772062411632676,0.01879196195609412,0.03132918091126008,0.01265056374038008,0.027624440776989095,0.004884895929192558,0.04306774224633154,-0.0016367348592975393,0.0489395515311154,-0.007465727080088823,-0.03225363222658981,-0.007970731268416704,-0.00318215861216489,-0.0029076515814113854,-0.0010253985711573984,-0.009645916098039315,0.006081890316678931,0.026244319957518,-0.009688759722150173,0.013016017547306292,-0.010702721999955893,-0.011513884536918812,-0.00047839106637326723,0.05406032162625479,0.026244319957518,0.05406032162625479,False
ovrbench__CustomerChurn2,0.19087656365707265,0.07640997457709657,0.20548302151514883,0.07968727733929683,0.1750841443070616,-0.13190071487346877,0.008206686973797806,0.22313535950162247,0.014294477078326049,0.03714109223534626,0.19774763894642078,0.030411312115692504,0.21210588297039878,0.09495556209235592,0.23054714302805648,0.12293305066486437,0.28328545182417597,0.12263176788328566,0.3054231983053422,-0.06063227495149707,-0.18466232241497585,-0.18201068311113605,-0.01787061285122566,0.09513585709081974,0.12761308159104004,0.12999728238792072,-0.013444369899875729,0.1680569106287015,-0.015206905513248156,0.07919545590312199,0.22670416877299712,0.1651586315516096,0.3054231983053422,0.22670416877299712,0.3054231983053422,False
ovrbench__BoundingBoxClassification,0.6792273362109023,0.4003552728720894,0.5934217945088575,-0.14057746998143658,0.11938825275036503,0.5438424371027768,0.5233304565784987,0.30000138016714045,0.5692264739116119,0.34410034280171936,0.5938714642018562,0.36435240159592286,0.5910979311393862,0.5308922374849092,0.6351477813521781,0.671924597150263,0.5666805377343863,0.53471760806102,0.4335360400911412,0.7126752902938862,0.5786601283691121,0.6153224525812272,0.5710256351116633,0.5753340591351755,0.43051311943015397,0.7143211091977716,0.3811107434194839,0.7240389181332625,-0.27537913946872294,-0.12117071759145989,0.6956852961972054,0.7479943171257057,0.7126752902938862,0.7479943171257057,0.7479943171257057,True
ovrbench__RealEstateListings,-0.11110072494111342,-0.2075608207301628,-0.1893857627865728,-0.11569327222036674,-0.16732890672397013,-0.14946229473997807,-0.15453996722367885,-0.031357779774873154,-0.18556246065722795,-0.09053537742877718,-0.19192930009825845,-0.20013862532750176,-0.18951271247917226,-0.19252629694862072,-0.14995437861360755,-0.13891004365225354,-0.11410131303662979,-0.11998386030544568,-0.08823115069808465,-0.13027131384007282,-0.1491242565034956,-0.2243126609047401,-0.20327899737982746,-0.11994133015634977,-0.13387787671722176,-0.1194101053837274,0.01835218943788635,-0.20091834984269008,-0.19329044488387023,-0.25121250904935766,-0.23713535379884101,-0.2019812665608726,-0.031357779774873154,0.01835218943788635,0.01835218943788635,True
ovrbench__BNG(cmc),-0.19591656608405947,-0.07623606917635826,-0.11821385713219261,-0.33977485201455043,-0.24838298068015147,0.017903746241312312,-0.2281943501265133,-0.06756467037714524,-0.06257084936341746,0.025780438631060176,-0.1279597972765192,-0.030759133325712642,-0.09272308774864015,-0.041910393395618854,-0.06501371491399373,-0.031247488690766694,-0.10464421698174016,-0.04619530738375043,-0.12601442634432705,0.034372363749819015,-0.023765569422250766,-0.12509930857761464,-0.2281943501265133,-0.2281943501265133,-0.14820860145106962,0.2986665509012328,,-0.2888436468072543,,-0.2370527846073764,-0.13449191960991136,-0.23972636372852635,0.034372363749819015,0.2986665509012328,0.2986665509012328,True
oddbench__RulePriorityAnomalies,-0.021140950366333885,0.05371121178159023,0.0906598944787122,-0.054368561959917044,-0.012937502222547066,-0.08525612845558217,-0.13301426774806593,0.03431151490424386,-0.0782782390988645,0.10568259608922206,0.0977264074603821,0.0710996266193846,0.07895605389401561,-0.004440137329194514,0.0744942743126481,-0.009767364099460827,0.07792104815552794,0.04890527990988708,0.07732197150127726,-0.09299074669716201,-0.07302832560265515,0.025349936345615443,-0.14970118169319874,-0.07734478540313355,-0.07734478540313355,0.06895277813451403,0.0052515361357466876,-0.07282116628307284,0.05952503083333065,-0.06123016051721885,-0.05995755657214543,0.015086819090223885,0.10568259608922206,0.06895277813451403,0.10568259608922206,False
ovrbench__RealEstateData,-0.10817811435649137,-0.012947222286322568,-0.01446033933353069,-0.2369898084366332,-0.20862276400508298,0.5058252822755567,-0.1975540433767777,,-0.17680112026557598,-0.007378253585522232,-0.0161432122978906,-0.0036636141907533076,-0.027805966478913546,-0.01087741713599247,-0.019063163645159295,0.005293612489904484,-0.012875628776517925,-0.004269500879884101,-0.006300478613869966,-0.08036382921547387,0.35254151840925774,0.3539882750995807,-0.1975540433767777,-0.1999880047793414,-0.2132974996368057,0.901643756379435,0.33849160425704566,-0.18465475841344184,0.35898130412269863,-0.1653526969525215,-0.07980923475791192,0.38119219427325673,0.5058252822755567,0.901643756379435,0.901643756379435,True
oddbench__PoliceForceDisturbance,-0.20889466640502263,-0.029383676350309543,-0.1743764884128925,-0.32018279267735367,-0.27755309814658596,-0.353116729991129,-0.21841853784306278,-0.11817580102571008,0.17076968222719222,0.10320953761024435,-0.12185846064002771,0.09275787686891672,-0.21269502535212712,0.02361581993618424,-0.13424786386535076,0.10072175381173183,-0.0528915419515076,-0.08872679568482468,0.039032666917184565,-0.33444908930627,-0.32787340712176805,-0.33830901214820247,-0.15779765736536824,-0.21232900939392363,-0.20106274891441803,-0.02807020576398791,0.17004269139067493,-0.12632821218844698,-0.0005233797344156733,-0.22228433037380022,-0.05847941271705403,-0.1069474907938492,0.17076968222719222,0.17004269139067493,0.17076968222719222,False
ovrbench__ShillBidding,0.4749593036795209,0.011442468472027774,0.018065054729125795,0.06368302285707894,0.20523767218331296,0.5398534154427383,0.17234382621165964,,0.10912227598367605,0.14047241336493752,0.0549103936134964,0.013780845652218373,0.003297692794456592,0.025558629692902245,0.0012647132747526282,-0.020501669978323787,-0.0021768216762219116,-0.004186336155382396,-0.0008071915119807354,0.4630102309116626,0.5548761470452461,0.5968060978647272,0.26030349985621365,0.17032725862848544,0.18959289012870814,0.28289558647585744,0.23564521079973474,0.3183812219386033,0.15860509499496755,0.2856298201211717,0.3170608100230127,0.34340317379081775,0.5968060978647272,0.34340317379081775,0.5968060978647272,False
oddbench__ArtSalesPlatform,0.037462736156683746,0.04697134957371674,0.10143096727364993,0.19844819976721614,0.13069121655353105,0.13570884319792906,0.1393879296342938,0.06871434907564236,0.18762339880149925,0.1144562564545413,0.09558505052455903,0.08769829710245802,0.17595012912086533,0.024235224463586127,0.12437655644401399,-0.0011903669994193426,0.12886680829519537,-0.02978045483071073,0.15641111781525474,0.1600793671440792,0.156483301274371,0.12923329480258167,0.1393879296342938,0.16664504405698757,0.16664504405698757,-0.04636701396989869,0.00076257861635117,0.059340549330802024,0.011294279938430494,0.0046400245965017945,0.06126917168427874,-0.002040043231099719,0.19844819976721614,0.06126917168427874,0.19844819976721614,False
tsbad_m__112_SVDB_id_29_Medical_tr_8226_1st_8,-0.0025033641684449183,0.000698494982035586,0.0011987879703071272,0.013577073694534496,0.058467882275248385,-0.008062076707163194,-0.006411529889575647,0.0038897126732188813,-0.0025496640332999133,0.011334284458804349,0.0019777734984394164,0.0028980648000289126,0.0006663781158071024,-0.0015490951014309328,-0.00016887861010331595,-0.001261735249801612,0.0003922060545113983,-0.000695297142348153,0.0005987735457564775,-0.010106623627323955,-0.003700589942037811,-0.0015736906593219158,-0.006411529889575647,-0.00866855840442637,-0.010802330470989156,-0.0006711095816087259,-0.003161376426622957,-0.006169517880598245,0.0006830972382433726,-0.00480059184476836,-0.0029262442172418098,-0.0008100370697141424,0.058467882275248385,0.0006830972382433726,0.058467882275248385,False
oddbench__LandRarity,-0.02701251324381281,0.0647325945076498,-0.1614529231986735,-0.008979845258905198,-0.10869225895003169,0.009486821293875574,-0.03559907611577376,-0.12863095309749303,-0.11778808189414308,-0.0014974026854875438,-0.15066370757922357,0.03864625451402838,-0.1626734774510545,0.0852224421302025,-0.16705457669927737,0.004648940883183682,-0.16065571491591013,-0.05069698166276583,-0.15248698193161522,0.055311823102639955,0.0019171925354889278,0.18849552552477944,0.0056928544372154355,-0.08741895677444665,-0.07090863368105811,0.12709277751600342,0.08821082492859197,-0.09846817410070594,0.1655140536762889,-0.14059438142676794,0.05779387881999926,-0.06215678323674392,0.18849552552477944,0.1655140536762889,0.18849552552477944,False
oddbench__UserEventAnomalies,0.10234325719276367,0.001925353736074582,0.03148950126954628,0.16219780946308635,0.07897364279494962,0.03003975576417433,0.1229772249490968,0.0011862544036673297,0.011802978269453552,0.002324787847850421,0.032281680388838774,9.454981554203063e-05,0.01339918815954769,-0.010677666383352267,-0.0027708942396694985,-0.01152889256103752,0.006568731676554541,0.004436117674823327,0.011711253462910635,-0.004578594244744032,0.3988357485186539,-0.01583024974033393,0.1229772249490968,0.03973543104120958,0.12757303300647055,0.8736529872878227,0.1862166443189557,0.14920559817302328,0.10066932542344972,0.19731199228975715,0.14963238137740212,0.22445852939308658,0.3988357485186539,0.8736529872878227,0.8736529872878227,True
tsbad_m__109_SVDB_id_26_Medical_tr_1038_1st_1,0.0037333631377031375,0.07032785037262154,0.0359158397317234,0.06824646176545902,0.03463067965300675,-0.014047766805366901,0.09325670839919938,0.0008095056330275254,-0.007225054282132221,0.07090076729636408,0.039972725458021316,0.08668589036648879,0.03295263268215779,0.04741449041876066,0.022878297248313556,0.0042349919369597516,0.016983488579555995,-0.01694801715952627,0.012620877217540698,-0.00397796917157037,-0.017174875075085708,-0.015905697797274295,0.09325670839919938,0.006669596647880187,-0.008295827410911276,0.03700586557279808,0.05774284455920404,0.0013107123164915135,-0.011174317940876519,-0.000899094096002484,0.010099787474395527,0.0006800291521244327,0.09325670839919938,0.05774284455920404,0.09325670839919938,False
ovrbench__AmazonReviewAnomalies,0.36895084078104445,-0.006983871047551814,-0.003419027374695302,0.3444766909525785,0.4617025842987364,0.5255282002672433,0.4542833303780919,0.006632230081147428,0.4535302953687858,-6.000699447528013e-05,0.015792778143473157,-0.03037100644395519,0.009397769821731244,-0.001070736789914574,0.008036653608762028,-0.017379972197618956,0.01750668930057662,-0.01798841404717879,0.019072650909897425,0.4841499361461325,0.5285159747142559,0.4958360495495389,0.4542833303780919,0.41768965257390384,0.45496477214004266,0.30521526449302677,0.042468045461416415,0.3759908288460589,-0.09446466269751098,0.1885101449200883,0.32662403105602367,0.3600188249271558,0.5285159747142559,0.3759908288460589,0.5285159747142559,False
ovrbench__FinancialMetricsAnomaly,0.044863224297440364,-0.04980595285933718,-0.04118933926088206,-0.029442950665188813,0.03191457507417357,0.08385790480224836,0.02439013040762988,-0.0697049177078304,-0.04166204091483045,-0.005978834472716984,-0.03953075352252047,-0.02637913641514013,-0.04446578588552602,-0.05464996821494448,-0.047508070215052385,-0.06694333086367771,-0.049712536703216105,-0.06824144827856271,-0.046976756743187464,0.06965683818233087,0.08723736484046644,0.08215246517958473,0.01766111686045273,0.0021813280645059828,0.024758925461829204,0.019504119970017296,0.015243395080621485,0.07907354257779733,-0.004370130573842785,-0.014927173832099107,0.03739772111719876,0.07592385877563662,0.08723736484046644,0.07907354257779733,0.08723736484046644,False
tsbad_m__140_CATSv2_id_3_Sensor_tr_28307_1st_,0.04298265955274958,0.4418228819117472,0.445676172720576,0.15007990734292656,0.20633356859439672,0.08506654357920299,0.5523499250370185,0.37848163902788223,0.25318657461031496,0.38322819491676513,0.44695265863440425,0.4149112303957567,0.44367863211233055,0.44973703199633924,0.4359181460799027,0.45227963302771085,0.42177789155624,0.436041373542733,0.4036867137626576,0.07735758697808168,0.0755444640523516,0.06745596422276838,0.5506591433703552,0.5545466365288233,0.5551044558719368,0.2547860705894825,0.6089613154420508,0.5951316063973201,0.6290042465310183,0.6646556520456494,0.6042594478857872,0.5892918174711166,0.5551044558719368,0.6646556520456494,0.6646556520456494,True
tsbad_m__026_MITDB_id_8_Medical_tr_30495_1st_,-0.020184204817899024,0.14025758031490573,0.03541363681777602,-0.005327082668465214,-0.019140683189486175,-0.02735204389347162,-0.010038528829605544,-0.017470782526684162,-0.0333288269973045,0.11919129714898001,0.04044331755695189,0.13072605519574515,0.02886842457111866,0.13613852871450471,0.01351484372260495,0.11684664276616256,0.0006734314550429228,0.09785269661375541,-0.005687303829113685,-0.024196221142583702,-0.028810587613199084,-0.02608442137510597,-0.010038528829605544,-0.02176185940192593,-0.017671307084380833,0.07073912768916905,0.07795091109299541,-0.018200207538371323,0.0010388868080164944,-0.0062087365069451814,-0.013561883065563954,0.02941288567128616,0.14025758031490573,0.07795091109299541,0.14025758031490573,False
tsbad_m__021_MITDB_id_3_Medical_tr_50000_1st_,0.04734054107142608,0.48133599998029064,0.37809902584369115,-0.01094747765120099,-0.016387496384698264,0.034718097946137956,-0.010317115397504606,0.0388922414126071,-0.017386923993017122,0.462642016352397,0.3827813573756373,0.4805370130198068,0.3717325093501438,0.47611989553707057,0.3505509832119581,0.449998486562444,0.31433579158936703,0.39933512209344296,0.26611884684633,0.001148982268380752,0.0638722166540973,0.0737808773008752,-0.010317115397504606,-0.018543711963898445,-0.01867798165147788,0.1581475447539645,0.3880283025392275,0.008493722294605188,0.2425352408822814,0.029380379023874706,0.1065031041911111,0.10367509174838056,0.48133599998029064,0.3880283025392275,0.48133599998029064,False
ovrbench__EmployeePerformance,0.0018353934718299695,0.46158329999838366,0.3584966351387367,-0.2704962889791754,-0.5908313650405237,-0.5229925897184549,0.15710363112007852,0.16316489929404374,-0.27872699079927965,0.5088720947593003,0.4309388720847263,0.5224772115498094,0.24822545139587918,0.4577175715138327,0.04571798770103001,0.3353942648679768,-0.04652721201556309,0.1633725157488189,-0.08518027406937574,-0.41414297888427765,-0.505706549491691,-0.310515184736218,0.4136933301004159,0.15710363112007852,0.168864639846601,-0.11341784568540665,0.022522246852805683,-0.051598502613572066,-0.20910793256832674,-0.3976978592420157,0.15748598747650666,-0.058306581161587066,0.5224772115498094,0.15748598747650666,0.5224772115498094,False
oddbench__RacingMotion,0.32063081838222507,0.4593442145210496,0.5779387482408882,-0.11586619670096535,-0.07925645978118961,0.08560144674595792,0.2751217437190815,-0.06275940404007711,-0.10692330513706441,0.44062279756496114,0.5747485356772024,0.46067796620231993,0.5638481863832291,0.38860741429952045,0.2643970244789115,-0.0028555109744518546,0.2719024026157548,0.3958524847699583,0.12109331327582112,0.16808522590104233,0.06893150289639058,0.052955223508710535,0.1717823296629669,0.2988017462986003,0.29221074903434463,0.4130069673706448,0.5076931316049819,0.37833157862920863,0.1758225210626832,0.1635436642263098,0.48507167372404414,0.29959094039620193,0.5779387482408882,0.5076931316049819,0.5779387482408882,False
ovrbench__WebpageSessionIntrusion,-0.11177036116375473,-0.035952345609312944,-0.09190759517547754,-0.1561286760046252,-0.17940044597507676,-0.11220895269962015,-0.04276858836964032,-0.08144429413393492,-0.03333419478834992,-0.022799025162934854,-0.08812155918334454,-0.06926231811414206,-0.09303043126187406,-0.009824587277011416,-0.0964878505042617,0.03043426306477547,-0.10222350575166371,0.061388006579772544,-0.10634332504543761,-0.1009797529921377,-0.10086052221282375,-0.07440617675480833,-0.04276858836964032,-0.07794254608168984,-0.07985896685209457,-0.10846373905396808,-0.04402901820477368,-0.09187507098742041,-0.055273502681304806,-0.07601732989067765,-0.12187941833293724,-0.07331064868577854,0.061388006579772544,-0.04402901820477368,0.061388006579772544,False
tsbad_m__139_CATSv2_id_2_Sensor_tr_5592_1st_5,0.0838569655873202,0.20091218548398412,0.21046906667533366,0.10947585888252315,0.1112079545006286,0.04286858443173772,0.3568249403376222,0.16652344580325565,0.16271030889856633,0.1428824974059535,0.21186141382179632,0.1710096909843697,0.2033655929406472,0.20317542187363424,0.20115041397667402,0.19668312320987533,0.19002288644215357,0.19056479792246608,0.17844530992937782,0.04118440705173357,0.040579907408012796,0.037344005060505454,0.3567688670449179,0.35749398748970207,0.35716042405557075,0.316348039965487,0.3799722349733938,0.33410889478444455,0.3802563658944515,0.3876420771634919,0.3485360459967788,0.33146715987670006,0.35749398748970207,0.3876420771634919,0.3876420771634919,True
ovrbench__AbstractAnomalyBatch,0.06031287135788102,0.8976037162695647,0.8948572686634235,0.09148638912013062,0.0852092202305744,-0.019870621121049606,0.007031527849382533,,0.015434823929967072,0.750071798861302,0.8700382863220736,0.8676771699363516,0.9306485703742619,0.8997535033881576,0.7813076853161647,0.6304175340242903,0.2082875350534288,0.213500709097919,0.02321220169322572,0.019653873601423774,-0.0010392697215199176,0.01005897066802723,0.009633796936123378,0.0018502864338948047,-0.001678722888232835,0.10336513657804332,0.045531212992960104,-0.022467479030745793,-0.02648308627512322,-0.021650551371766615,-0.012713675548833549,-0.015249112442651999,0.9306485703742619,0.10336513657804332,0.9306485703742619,False
dami__Wilt,-0.050775408814566624,-0.013077918464230249,-0.02175390867177619,-0.0642778789930721,-0.08082643972393706,-0.06195683199108877,-0.08224154526871497,-0.07614491759449078,-0.06187293264335037,0.1733247387501547,-0.007414497790000877,0.044871268610485696,-0.03905517515935364,-0.044441744579538055,-0.06415947791373657,-0.07469714475792111,-0.07643186713541868,-0.08210675598934773,-0.08110178320760027,-0.03922726784043565,-0.07304475661064508,-0.05332981294285959,-0.0377357347689197,-0.055640599143873225,-0.06458766617921845,0.2699374827111914,0.4266094255234757,-0.07346629729060593,0.1342470694083772,-0.07940363474357001,0.00773216352625689,-0.061534296147992606,0.1733247387501547,0.4266094255234757,0.4266094255234757,True
oddbench__WindowsEditionAnomaly,0.555599231365109,0.04260722127555855,0.18681738915944746,0.21077736654893364,0.3056502975877183,0.055128472756094477,0.47310143861353127,0.28392586963401634,0.21792960368876058,0.04519081660713113,0.18421676933969997,0.014906272681330641,0.20570338982751815,0.04532664205133355,0.21451236577806354,-0.009003446176541441,0.2871102784777798,0.3060599836783999,0.28642122060551567,0.0849978571278522,0.06965373235154916,0.06794314684590734,0.4764963711242918,0.45051231206644754,0.4636702972669518,0.09498292597329103,0.050544485685453965,0.43707050358768224,0.5685476358106176,0.4134774962558561,0.38106508928643645,0.2190820481516654,0.555599231365109,0.5685476358106176,0.5685476358106176,True
tsbad_m__053_GHL_id_22_Sensor_tr_50000_1st_12,-0.06830847392256859,0.07165899434405675,0.16109684632124519,-0.04131426735364503,-0.043148171745069096,-0.07729084302096503,-0.06157732985873631,0.13641276135766628,0.06165492370195148,-0.026880680974313526,0.16360863484473467,-0.003675216063197298,0.15376089385465763,0.18323286486735346,0.1486531536315586,0.20773188151397334,0.1214875257730869,0.23914301022233755,0.10855912830396486,-0.07329394079901612,-0.0739303549604115,-0.07272981314951829,-0.06221036570891181,-0.061045873533609005,-0.06025625786240662,-0.04290547958800947,-0.07268350914078664,-0.07622752654265114,-0.07842663092756637,-0.06175211161314395,-0.06910251676501748,-0.07537631876704222,0.23914301022233755,-0.04290547958800947,0.23914301022233755,False
