corpus,dataset,n_anom,n_norm,d,frac_triv,n_hard,rec_hard,fp_hard,rec_soft,fp_soft,rec_cal,fp_cal,net_soft,net_cal,fp
oddbench,AquaticMacroInverts,469,833,23,0.023454157782515993,458,0.509594882729211,0.02040816326530612,0.6375266524520256,0.19807923169267708,0.5309168443496801,0.04201680672268908,0.4394474207593485,0.488900037626991,23|e3fe7ff184|18ad3d803e
oddbench,ArchaeologicalAnomalies,118,402,3,0.01694915254237288,116,0.0,0.014925373134328358,0.025423728813559324,0.0472636815920398,0.01694915254237288,0.03731343283582089,-0.021839952778480477,-0.02036428029344801,3|9c21070bc0|69c4b13bfa
oddbench,ArtCollections,104,2400,3,0.057692307692307696,98,0.0,0.002916666666666667,0.15384615384615385,0.0375,0.15384615384615385,0.03166666666666667,0.11634615384615385,0.12217948717948718,3|95d4ffb6b3|cee024a579
oddbench,ArtSalesPlatform,495,2400,4,0.09090909090909091,450,0.00202020202020202,0.0004166666666666667,0.2767676767676768,0.04666666666666667,0.13333333333333333,0.023333333333333334,0.2301010101010101,0.11,4|bd4ee9b9f9|d884ae597a
oddbench,AttackIncidents,550,1803,6,0.005454545454545455,547,0.0018181818181818182,0.0027731558513588465,0.06363636363636363,0.050471436494731,0.025454545454545455,0.01608430393788131,0.013164927141632629,0.009370241516664147,6|f6d8fac96d|c317a43d71
oddbench,AustinCrime,204,1857,4,0.2647058823529412,150,0.014705882352941176,0.0026925148088314485,0.2647058823529412,0.05492730210016155,0.2107843137254902,0.031771674744211095,0.20977858025277962,0.17901263898127912,4|56f3362f96|d2c018b31f
oddbench,AxieInfinityBug,332,2400,8,0.05120481927710843,315,0.018072289156626505,0.004166666666666667,0.06325301204819277,0.09791666666666667,0.04819277108433735,0.04375,-0.0346636546184739,0.004442771084337355,8|2ac85378dc|4f111cbba3
oddbench,BarExamPrediction,1038,2400,10,0.023121387283236993,1014,0.07321772639691715,0.00375,0.3892100192678227,0.09333333333333334,0.1994219653179191,0.02875,0.2958766859344894,0.1706719653179191,10|cd9649be5d|20282d5bbb
oddbench,BaseballBattedBall,95,677,8,0.12631578947368421,83,0.05263157894736842,0.014771048744460856,0.17894736842105263,0.11816838995568685,0.08421052631578947,0.033973412112259974,0.060778978465365785,0.0502371142035295,8|a4a98266d6|b562588493
oddbench,BaseballPitchingAnomalies,272,522,38,0.0,272,0.9595588235294118,0.05555555555555555,0.9926470588235294,0.43103448275862066,0.9632352941176471,0.08620689655172414,0.5616125760649088,0.877028397565923,38|8f5ae3d81f|00684d52be
oddbench,BugSeverity,228,1023,22,0.08333333333333333,209,0.021929824561403508,0.006842619745845552,0.2543859649122807,0.12512218963831867,0.07017543859649122,0.024437927663734114,0.12926377527396204,0.04573751093275711,22|733e2e9cf9|8c32a7501e
oddbench,BuildingEnergyCompliance,110,957,25,0.0,110,0.03636363636363636,0.022988505747126436,0.15454545454545454,0.19540229885057472,0.045454545454545456,0.03970741901776385,-0.04085684430512018,0.005747126436781609,25|647e0e5196|c3dc38fa10
oddbench,BuildingInspections,2935,2400,5,0.5141396933560477,1426,0.00034071550255536625,0.0020833333333333333,0.5328790459965929,0.06875,0.11141396933560477,0.03,0.4641290459965929,0.08141396933560477,5|3b188946d2|dd30716b7b
oddbench,BusStopPrior,59,2067,6,0.1016949152542373,53,0.01694915254237288,0.001451378809869376,0.11864406779661017,0.06095791001451379,0.1016949152542373,0.023222060957910014,0.05768615778209638,0.07847285429632728,6|97f127e5b2|ae7c2336e7
oddbench,BusTracking,314,693,8,0.35668789808917195,202,0.20382165605095542,0.010101010101010102,0.36942675159235666,0.1240981240981241,0.34394904458598724,0.031746031746031744,0.24532862749423257,0.3122030128399555,8|6b6c782e43|2f5914f2dd
oddbench,BusinessProcessFraud,130,1640,7,0.7153846153846154,37,0.7076923076923077,0.001829268292682927,0.7769230769230769,0.08536585365853659,0.7461538461538462,0.03414634146341464,0.6915572232645404,0.7120075046904315,7|67d3ab97cd|6886ac8f8c
oddbench,CarMakeAnomaly,203,2400,4,0.15763546798029557,171,0.024630541871921183,0.0008333333333333334,0.19704433497536947,0.07333333333333333,0.12315270935960591,0.04541666666666667,0.12371100164203613,0.07773604269293924,4|454327b699|19f07ac182
oddbench,CasePriority,270,2400,27,0.022222222222222223,264,0.011111111111111112,0.0008333333333333334,0.12222222222222222,0.042083333333333334,0.03333333333333333,0.007083333333333333,0.08013888888888888,0.02625,27|ba2d7680f2|56163424f5
oddbench,CellMorphology,76,624,14,0.7894736842105263,16,0.0,0.003205128205128205,0.23684210526315788,0.09294871794871795,0.013157894736842105,0.014423076923076924,0.14389338731443993,-0.0012651821862348193,14|e6ed21ede0|a934f31a37
oddbench,CityTreeCondition,73,462,10,0.0547945205479452,69,0.0547945205479452,0.012987012987012988,0.1643835616438356,0.09956709956709957,0.1232876712328767,0.030303030303030304,0.06481646207673604,0.0929846409298464,10|ec38980af0|5542d18113
oddbench,CodeSmell,380,715,6,0.042105263157894736,364,0.013157894736842105,0.0013986013986013986,0.18421052631578946,0.07972027972027972,0.060526315789473685,0.039160839160839164,0.10449024659550975,0.02136547662863452,6|13a4fccf5f|6cc49c2d92
oddbench,CodeStrata,47,700,4,0.2127659574468085,37,0.0425531914893617,0.008571428571428572,0.2553191489361702,0.05857142857142857,0.23404255319148937,0.045714285714285714,0.1967477203647416,0.18832826747720366,4|63e2b6d8b0|a4c80b4a06
oddbench,CourseRegistration,2225,2400,5,0.010337078651685393,2202,0.0,0.0004166666666666667,0.0,0.052083333333333336,0.0,0.025833333333333333,-0.052083333333333336,-0.025833333333333333,5|8919abf7a8|16431e2c66
oddbench,CrimeFraudDetection,1039,2400,10,1.0,0,0.014436958614051972,0.0008333333333333334,1.0,0.12708333333333333,0.10779595765158806,0.042916666666666665,0.8729166666666667,0.0648792909849214,10|fcaaedfe1a|0c5c19b9d1
oddbench,CybersecurityVulnerability,3371,2400,6,0.0002966478789676654,3370,1.0,0.0004166666666666667,1.0,0.028333333333333332,1.0,0.017916666666666668,0.9716666666666667,0.9820833333333333,6|29a6c95c44|d4a43655ce
oddbench,DallasShelterOutcomes,49,2197,13,0.9591836734693877,2,0.9387755102040817,0.0,0.9591836734693877,0.07237141556668183,0.9591836734693877,0.016841147018661812,0.8868122579027059,0.9423425264507259,13|0e0bc5a337|7dceea3c15
oddbench,DeveloperSurvey,119,1299,5,0.0,119,0.0,0.001539645881447267,0.04201680672268908,0.01308698999230177,0.04201680672268908,0.01077752117013087,0.02892981673038731,0.03123928555255821,5|b3562a50f7|ac0dd86595
oddbench,DiamondClarity,1327,2400,10,0.06480783722682742,1241,0.0007535795026375283,0.002916666666666667,0.09419743782969103,0.075,0.053504144687264506,0.024166666666666666,0.019197437829691036,0.02933747802059784,10|cff8007749|318c2c89d5
oddbench,DragonFlySystem,5186,2400,4,0.056498264558426534,4893,0.007327419976860779,0.0008333333333333334,0.04897801774006942,0.025833333333333333,0.039143848823756267,0.019166666666666665,0.023144684406736088,0.0199771821570896,4|cc71273146|cc97019526
oddbench,ElectionVoterLists,257,1513,6,1.0,0,0.019455252918287938,0.0013218770654329147,0.7626459143968871,0.05551883674818242,0.26459143968871596,0.01982815598149372,0.7071270776487046,0.24476328370722222,6|6ffe57cc92|e11ae55e81
oddbench,EmailSpamDetection,481,965,72,0.0,481,0.2286902286902287,0.019689119170984457,0.7879417879417879,0.22797927461139897,0.27234927234927236,0.03212435233160622,0.5599625133303889,0.24022492001766615,72|a1efd02705|4858ce8105
oddbench,EnvironmentalConcernSurvey,458,692,5,0.002183406113537118,457,0.03056768558951965,0.001445086705202312,0.19213973799126638,0.01300578034682081,0.13755458515283842,0.010115606936416185,0.17913395764444556,0.12743897821642222,5|c301433e66|a2de16761b
oddbench,EpidemiologyCases,29,1923,4,0.7586206896551724,7,0.034482758620689655,0.0,0.4482758620689655,0.031721268850754034,0.4482758620689655,0.0234009360374415,0.4165545932182115,0.42487492603152405,4|679f74d2f7|1bb5be66e5
oddbench,EventOutcome,22,1078,3,0.13636363636363635,19,0.0,0.0,0.13636363636363635,0.032467532467532464,0.13636363636363635,0.0287569573283859,0.10389610389610389,0.10760667903525045,3|7e30a2d010|b3a2f6cada
oddbench,ExamPerformance,102,360,4,1.0,0,1.0,0.005555555555555556,1.0,0.07222222222222222,1.0,0.05277777777777778,0.9277777777777778,0.9472222222222222,4|60bb6d2d09|1dec6e5909
oddbench,FantasyFootball,712,942,10,0.012640449438202247,703,1.0,0.0031847133757961785,1.0,0.1040339702760085,1.0,0.02653927813163482,0.8959660297239915,0.9734607218683652,10|3c42523b17|c9419a2e98
oddbench,FinancialTransactionAnomalies,1929,2400,5,0.0,1929,0.0,0.0008333333333333334,0.04872991187143598,0.03958333333333333,0.012960082944530845,0.01625,0.009146578538102648,-0.003289917055469155,5|31baa81362|64f37082d8
oddbench,FishingAnomalies,485,2400,3,0.018556701030927835,476,0.0,0.0004166666666666667,0.018556701030927835,0.013333333333333334,0.012371134020618556,0.01,0.005223367697594501,0.002371134020618556,3|90d079a1dc|353737b4cf
oddbench,FraudEventLog,270,2400,3,0.5851851851851851,112,0.5111111111111111,0.0008333333333333334,0.6111111111111112,0.03333333333333333,0.6037037037037037,0.02666666666666667,0.5777777777777778,0.5770370370370371,3|b414744274|680ed988e2
oddbench,GPUPowerProfile,20,395,7,0.0,20,0.0,0.012658227848101266,0.0,0.043037974683544304,0.0,0.02531645569620253,-0.043037974683544304,-0.02531645569620253,7|d57dcea665|ce13a88b3c
oddbench,GPUResourceUsage,1112,2400,4,0.01618705035971223,1094,0.0,0.0008333333333333334,0.053057553956834536,0.050833333333333335,0.0368705035971223,0.03166666666666667,0.002224220623501201,0.0052038369304556326,4|0182ef39ce|afe2cdc64b
oddbench,GeneticAnalysis,296,2222,5,0.14864864864864866,252,0.013513513513513514,0.0018001800180018,0.16891891891891891,0.06615661566156615,0.11486486486486487,0.034653465346534656,0.10276230325735276,0.08021139951833021,5|eaffda0632|a682572f4d
oddbench,GeneticVariation,1440,1831,6,0.006944444444444444,1430,0.009722222222222222,0.0005461496450027307,0.17916666666666667,0.008192244675040962,0.016666666666666666,0.002730748225013654,0.1709744219916257,0.013935918441653013,6|62380386af|bc03bba8d8
oddbench,GenomicSequencing,117,1002,10,0.0,117,0.8461538461538461,0.00499001996007984,0.9743589743589743,0.08383233532934131,0.8974358974358975,0.020958083832335328,0.890526639029633,0.8764778136035621,10|872bcdebd1|3908a5190c
oddbench,GeospatialInvestigation,178,428,5,0.03932584269662921,171,0.8876404494382022,0.009345794392523364,0.898876404494382,0.04906542056074766,0.8876404494382022,0.028037383177570093,0.8498109839336343,0.8596030662606321,5|1c8a3c97f8|96c9183724
oddbench,GlobalTerrorismAttack,6999,2400,5,0.00028575510787255323,6997,0.00028575510787255323,0.0,0.06286612373196171,0.037083333333333336,0.041863123303329045,0.013333333333333334,0.025782790398628373,0.02852978996999571,5|35f1e9b820|8b091d5a44
oddbench,GroceryErrorDept,165,1756,3,0.47878787878787876,86,0.01818181818181818,0.0005694760820045558,0.4484848484848485,0.030751708428246014,0.18787878787878787,0.013097949886104784,0.41773314005660245,0.17478083799268307,3|aced6e2a31|76c73ff72b
oddbench,HealthBehavior,392,1918,6,0.21683673469387754,307,0.002551020408163265,0.0026068821689259644,0.13010204081632654,0.058394160583941604,0.061224489795918366,0.026590198123044837,0.07170788023238493,0.03463429167287353,6|286157d605|27543e6d45
oddbench,HealthPulse,863,2400,28,0.019698725376593278,846,0.012746234067207415,0.007916666666666667,0.30359212050984935,0.24666666666666667,0.039397450753186555,0.04,0.05692545384318268,-0.0006025492468134455,28|c5f14a097e|c0d06c5154
oddbench,HeatVulnerability,2344,2400,6,0.6800341296928327,750,0.11988054607508532,0.0,0.6744880546075085,0.06333333333333334,0.5985494880546075,0.034166666666666665,0.6111547212741751,0.5643828213879408,6|fd388e9a0d|1c8d7901aa
oddbench,HomicideCircumstance,45,978,7,0.0,45,0.022222222222222223,0.002044989775051125,0.022222222222222223,0.03885480572597137,0.022222222222222223,0.016359918200409,-0.01663258350374915,0.005862304021813224,7|488eadb629|35c377525b
oddbench,HospitalReadmissions,41,2212,7,0.1951219512195122,33,0.0,0.0,0.21951219512195122,0.07278481012658228,0.17073170731707318,0.0189873417721519,0.14672738499536894,0.1517443655449213,7|a5de7848d8|4e272c9bee
oddbench,HousePriceSales,101,480,23,0.0,101,0.06930693069306931,0.027083333333333334,0.297029702970297,0.19583333333333333,0.07920792079207921,0.04375,0.10119636963696368,0.03545792079207921,23|a6249e6688|eb0846c88e
oddbench,HumanObjectInteraction,317,655,5,0.3186119873817035,216,0.0473186119873817,0.00916030534351145,0.17350157728706625,0.07938931297709924,0.14511041009463724,0.05343511450381679,0.09411226430996701,0.09167529559082044,5|9dfded7d93|c58aafa0c5
oddbench,HumanRobotCollaboration,1883,2400,3,0.04992033988316516,1789,0.003186404673393521,0.0008333333333333334,0.08019118428040362,0.050416666666666665,0.07169410515135423,0.042916666666666665,0.02977451761373695,0.028777438484687563,3|0515b43795|f412a5d928
oddbench,HurricaneTracks,32,1748,7,0.0,32,0.53125,0.0005720823798627002,1.0,0.07665903890160183,0.875,0.03032036613272311,0.9233409610983981,0.8446796338672768,7|ebb5c9608e|b3a832f153
oddbench,LandRarity,378,1122,7,0.18253968253968253,309,0.0,0.0,0.023809523809523808,0.031194295900178252,0.0026455026455026454,0.011586452762923352,-0.0073847720906544435,-0.008940950117420706,7|9e2498084d|019b62a332
oddbench,LandShapeAnomaly,490,1419,11,0.15918367346938775,412,0.022448979591836733,0.010570824524312896,0.22040816326530613,0.10429880197322058,0.10612244897959183,0.036645525017618044,0.11610936129208554,0.06947692396197379,11|f05318ca37|2247ecbdc6
oddbench,MedicalClassificationAnomalies,2063,2400,4,0.9907901114881241,19,0.8284052350945226,0.0004166666666666667,0.9907901114881241,0.027083333333333334,0.9907901114881241,0.017916666666666668,0.9637067781547908,0.9728734448214574,4|85a0c13133|e8f2318e63
oddbench,MouseInteractionPhase,3246,2400,5,0.0,3246,1.0,0.0004166666666666667,1.0,0.050833333333333335,1.0,0.03,0.9491666666666667,0.97,5|ecde4a8bf5|ebd00ddcfb
oddbench,MusicGenreAnomaly,32,730,13,0.59375,13,0.0,0.00821917808219178,0.0,0.07123287671232877,0.0,0.0136986301369863,-0.07123287671232877,-0.0136986301369863,13|0bed18c399|d50e662fd7
oddbench,NavigationBugReport,48,422,8,1.0,0,1.0,0.004739336492890996,1.0,0.07345971563981042,1.0,0.016587677725118485,0.9265402843601895,0.9834123222748815,8|a3ed383dda|cab6fa4c1a
oddbench,NetworkFlowAnomalies,149,1931,6,1.0,0,1.0,0.0,1.0,0.07716209218021751,1.0,0.033661315380631794,0.9228379078197825,0.9663386846193682,6|3032b3be63|678aae9e71
oddbench,OkCupidUserBehavior,415,1130,4,0.07228915662650602,385,0.0,0.0,0.06746987951807229,0.04601769911504425,0.04096385542168675,0.03716814159292035,0.021452180403028043,0.003795713828766395,4|c27bf6fe81|cc5ec83a0b
oddbench,PTENPhosphatase,442,2400,18,1.0,0,1.0,0.0033333333333333335,1.0,0.18,1.0,0.035416666666666666,0.8200000000000001,0.9645833333333333,18|054b427efb|1b4c244cc8
oddbench,PatientStatusTracking,31,1363,6,0.06451612903225806,29,0.0,0.00293470286133529,0.22580645161290322,0.08730741012472487,0.0967741935483871,0.03301540719002201,0.13849904148817835,0.06375878635836509,6|cd87e1f7f8|028e63380d
oddbench,PoliceArrestFraud,20,491,3,0.05,19,0.0,0.002036659877800407,0.0,0.026476578411405296,0.0,0.024439918533604887,-0.026476578411405296,-0.024439918533604887,3|c440ac3220|a3e61c404e
oddbench,PoliceForceDisturbance,2147,2400,18,0.008849557522123894,2128,0.006520726595249185,0.00125,0.09408476944573824,0.11708333333333333,0.015370284117373078,0.013333333333333334,-0.022998563887595094,0.0020369507840397438,18|7476a628c5|6065ff1d62
oddbench,ProductionRunStatus,918,2400,7,0.0196078431372549,900,0.4651416122004357,0.0,1.0,0.04708333333333333,0.8213507625272332,0.0225,0.9529166666666666,0.7988507625272332,7|fb68a32570|f97fcf52cf
oddbench,ProgrammingAnomalies,271,2400,6,0.0959409594095941,245,0.04428044280442804,0.0020833333333333333,0.12546125461254612,0.04833333333333333,0.11070110701107011,0.025416666666666667,0.07712792127921278,0.08528444034440344,6|c0fc239de0|3bde561bcb
oddbench,PropertyCondition,5152,2400,7,0.0025232919254658385,5139,0.005240683229813665,0.005416666666666667,0.0890916149068323,0.10833333333333334,0.042701863354037264,0.035416666666666666,-0.019241718426501034,0.007285196687370599,7|e3bf51bf24|004525e993
oddbench,ProsperLoan,3035,2400,33,0.028336079077429983,2949,0.051070840197693576,0.0033333333333333335,0.3400329489291598,0.20041666666666666,0.11598023064250412,0.027083333333333334,0.13961628226249315,0.08889689730917079,33|32b3994528|6220556e71
oddbench,ProteinCodonAnalysis,214,2400,14,0.004672897196261682,213,0.0,0.002916666666666667,0.028037383177570093,0.13916666666666666,0.009345794392523364,0.024166666666666666,-0.11112928348909656,-0.014820872274143302,14|70697b741b|2d23e970d3
oddbench,ProtestViolence,2686,2400,7,0.28332092330603126,1925,0.0011169024571854058,0.0025,0.2561429635145197,0.08541666666666667,0.0193596425912137,0.025833333333333333,0.17072629684785304,-0.006473690742119634,7|dc32ccb551|225769a6a0
oddbench,RacingMotion,2924,2400,10,0.2496580027359781,2194,0.05506155950752394,0.00625,0.2701778385772914,0.12833333333333333,0.07934336525307797,0.03916666666666667,0.14184450524395806,0.040176698586411305,10|62a19a4964|90eba1cbfe
oddbench,RealEstateBlockType,276,1005,3,0.14492753623188406,236,0.043478260869565216,0.004975124378109453,0.16666666666666666,0.06766169154228856,0.13043478260869565,0.05572139303482587,0.0990049751243781,0.07471338957386978,3|e495ced11a|02b7beefc8
oddbench,RealEstateProperties,217,2400,4,0.3686635944700461,137,0.0,0.0020833333333333333,0.271889400921659,0.057916666666666665,0.2119815668202765,0.03333333333333333,0.2139727342549923,0.17864823348694317,4|08768e0fef|8894146a87
oddbench,RemoteSensingAnomalies,1609,2400,4,1.0,0,1.0,0.0008333333333333334,1.0,0.05875,1.0,0.03958333333333333,0.94125,0.9604166666666667,4|9e456915de|05dceb8218
oddbench,RulePriorityAnomalies,1013,1274,4,0.10760118460019744,904,0.12240868706811452,0.0,0.19545903257650543,0.0141287284144427,0.18361303060217177,0.009419152276295133,0.18133030416206272,0.17419387832587663,4|34bcacc8cf|b4aa8eb560
oddbench,SMSClassification,747,1931,9,0.06157965194109773,701,0.002677376171352075,0.0015535991714137752,0.7804551539491299,0.05955463490419472,0.5448460508701473,0.024857586742620404,0.7209005190449351,0.5199884641275269,9|390eb9ab25|6a8c16178e
oddbench,SalesOrderPriority,3932,2400,7,0.11113936927772126,3495,0.001271617497456765,0.0004166666666666667,0.1309766022380468,0.07,0.060783316378433365,0.022916666666666665,0.060976602238046795,0.0378666497117667,7|8f71713ba9|609603e272
oddbench,SalesPerformance,364,1056,7,0.01098901098901099,360,0.005494505494505495,0.004734848484848485,0.15934065934065933,0.05965909090909091,0.06043956043956044,0.026515151515151516,0.09968156843156842,0.03392440892440893,7|4338a28257|5f2f0e56b3
oddbench,SatelliteAnomaly,75,2010,36,0.8,15,0.6666666666666666,0.014427860696517412,0.92,0.2064676616915423,0.7333333333333333,0.04378109452736319,0.7135323383084577,0.68955223880597,36|e6dcdd5486|16dfbc3061
oddbench,SchoolTypeAnomaly,27,984,7,0.037037037037037035,26,0.0,0.003048780487804878,0.0,0.056910569105691054,0.0,0.019308943089430895,-0.056910569105691054,-0.019308943089430895,7|1bd6102957|b59335e32b
oddbench,SoftwareQualityMetrics,209,516,56,0.0,209,0.1674641148325359,0.01744186046511628,0.46411483253588515,0.1744186046511628,0.19138755980861244,0.025193798449612403,0.2896962278847224,0.16619376135900005,56|d3d51eefaa|45a6c2dde6
oddbench,SystemFailureCases,280,592,4,0.2642857142857143,206,0.007142857142857143,0.0016891891891891893,0.21071428571428572,0.04222972972972973,0.12142857142857143,0.02195945945945946,0.16848455598455597,0.09946911196911197,4|4c9347f12b|927f382bee
oddbench,SystemHealth,2300,2400,182,0.9282608695652174,165,0.7317391304347826,0.009583333333333333,0.9986956521739131,0.28125,0.7608695652173914,0.01125,0.7174456521739131,0.7496195652173914,182|e4841d3e63|f0056d9e14
oddbench,TBAnomalyDetection,2079,2400,3,0.1750841750841751,1715,0.004329004329004329,0.0004166666666666667,0.12361712361712361,0.03833333333333333,0.11976911976911978,0.032916666666666664,0.08528379028379028,0.08685245310245311,3|ee1d64fdd5|684ff1680d
oddbench,TransactionFeeAnomalies,966,2400,3,0.025879917184265012,941,0.0,0.0020833333333333333,0.013457556935817806,0.03375,0.011387163561076604,0.03125,-0.020292443064182195,-0.019862836438923396,3|cb1d74298f|b28d3305b9
oddbench,TransactionService,1396,2400,5,1.0,0,1.0,0.0016666666666666668,1.0,0.0825,1.0,0.042916666666666665,0.9175,0.9570833333333333,5|252c0f8201|440acd23c4
oddbench,TreadmillStatus,602,2400,7,0.009966777408637873,596,0.0033222591362126247,0.0,0.11129568106312292,0.06125,0.029900332225913623,0.024583333333333332,0.05004568106312292,0.005316998892580291,7|c23303fdc0|a57217408a
oddbench,TrialBehavior,1034,2400,3,0.06576402321083172,966,0.0009671179883945841,0.00125,0.06673114119922631,0.04416666666666667,0.05609284332688588,0.03625,0.022564474532559643,0.019842843326885885,3|1519f54297|d4c5d36381
oddbench,UserEventAnomalies,230,2400,3,0.0782608695652174,212,0.0,0.0020833333333333333,0.08695652173913043,0.052083333333333336,0.08695652173913043,0.045,0.0348731884057971,0.041956521739130434,3|5a095456f9|0539941408
oddbench,UserTrackingAnomalies,166,503,5,0.10240963855421686,149,0.018072289156626505,0.009940357852882704,0.024096385542168676,0.0437375745526839,0.018072289156626505,0.02584493041749503,-0.019641189010515224,-0.007772641260868525,5|2c9e4fc68c|3418d6afb0
oddbench,VoteOutcome,671,2400,8,0.5737704918032787,286,0.09687034277198212,0.0,0.6482861400894188,0.07916666666666666,0.40238450074515647,0.022083333333333333,0.569119473422752,0.3803011674118231,8|48472d4680|b280009ef7
oddbench,VoteResult,420,1018,5,1.0,0,0.6976190476190476,0.005893909626719057,1.0,0.0550098231827112,1.0,0.0275049115913556,0.9449901768172888,0.9724950884086444,5|f90682c386|72b81d87f5
oddbench,WaterChemistry,854,2372,25,0.3875878220140515,523,0.26346604215456676,0.0054806070826306915,0.5807962529274004,0.15261382799325462,0.32669789227166274,0.02951096121416526,0.4281824249341458,0.2971869310574975,25|fcbaad4d8d|eefffdb70f
oddbench,WaterMeterAnomaly,1595,2400,5,0.9993730407523511,1,0.9529780564263323,0.0008333333333333334,1.0,0.07791666666666666,1.0,0.04375,0.9220833333333334,0.95625,5|e4dd8fb735|7fb3b2bff3
oddbench,WaterPointFunctionality,524,2400,13,0.0,524,0.007633587786259542,0.006666666666666667,0.19274809160305342,0.17708333333333334,0.04198473282442748,0.04375,0.01566475826972008,-0.0017652671755725158,13|775833561c|fc35dbc3ae
oddbench,WaterQualityComplaints,172,493,6,0.040697674418604654,165,0.023255813953488372,0.010141987829614604,0.12790697674418605,0.0973630831643002,0.040697674418604654,0.038539553752535496,0.03054389357988585,0.0021581206660691576,6|2f5ab4b98f|9289442e22
oddbench,WeatherEvents,506,2400,7,0.007905138339920948,502,0.0,0.0016666666666666668,0.38537549407114624,0.049166666666666664,0.07905138339920949,0.025833333333333333,0.33620882740447955,0.053218050065876155,7|817c970dcc|a35202bb5e
oddbench,WebTrafficError,433,2400,6,0.930715935334873,30,0.0023094688221709007,0.00125,0.9330254041570438,0.06708333333333333,0.930715935334873,0.02666666666666667,0.8659420708237104,0.9040492686682063,6|4fe6a2ada0|8e656f77c2
oddbench,WindTurbineFault,576,2400,4,0.003472222222222222,574,0.0,0.0,0.029513888888888888,0.06458333333333334,0.013888888888888888,0.03791666666666667,-0.03506944444444445,-0.02402777777777778,4|74d0db40a2|b13065449d
oddbench,WindmillAnomaly,236,2400,17,0.538135593220339,109,0.05508474576271186,0.007083333333333333,0.923728813559322,0.22833333333333333,0.3093220338983051,0.04583333333333333,0.6953954802259887,0.26348870056497176,17|387af95480|25dd9a5970
oddbench,WindowsEditionAnomaly,479,2400,26,0.12317327766179541,420,0.060542797494780795,0.005,0.9561586638830898,0.20083333333333334,0.38204592901878914,0.02625,0.7553253305497565,0.35579592901878915,26|bbec81a04c|b5b0aeec39
oddbench,WorkforceDemographics,460,2400,91,0.8130434782608695,86,0.004347826086956522,0.01,0.32608695652173914,0.20958333333333334,0.008695652173913044,0.01875,0.11650362318840579,-0.010054347826086956,91|55091021ca|540b232f54
oddbench,ZookeeperLogs,617,2400,3,0.04376012965964344,590,0.0,0.0004166666666666667,0.0016207455429497568,0.02666666666666667,0.0016207455429497568,0.024583333333333332,-0.02504592112371691,-0.022962587790383574,3|d9dfdf6c57|8ca2b1b03a
ovrbench,AbstractAnomalyBatch,422,2400,65,0.2985781990521327,296,0.24644549763033174,0.012916666666666667,0.6279620853080569,0.32208333333333333,0.2796208530805687,0.03,0.30587875197472353,0.24962085308056872,65|270512c7fd|e346ea3b1e
ovrbench,ActivityRecognition,176,1059,75,1.0,0,1.0,0.036827195467422094,1.0,0.3663833805476865,1.0,0.053824362606232294,0.6336166194523135,0.9461756373937678,75|cdbf3c98c7|41f4c22e92
ovrbench,AirPressure,1000,2400,168,0.0,1000,0.678,0.019583333333333335,0.985,0.34625,0.731,0.025416666666666667,0.6387499999999999,0.7055833333333333,168|d30d08eb31|088dfa53e4
ovrbench,AmazonReviewAnomalies,1564,2400,3,0.08312020460358056,1434,0.100383631713555,0.0,0.2781329923273657,0.028333333333333332,0.2755754475703325,0.025833333333333333,0.2497996589940324,0.24974211423699916,3|25a1b6fbf5|4e508188da
ovrbench,BCellImmunity,699,2400,10,0.17310443490701002,578,0.02145922746781116,0.00125,0.1530758226037196,0.12,0.05150214592274678,0.02875,0.03307582260371961,0.02275214592274678,10|90aca6a6c6|97d0bde94b
ovrbench,BNG(cmc),4574,2400,2,0.03541757761259292,4412,0.0006558810668998689,0.00125,0.02579798863139484,0.03916666666666667,0.034980323567993,0.050416666666666665,-0.013368678035271829,-0.015436343098673665,2|4ce842962f|1e06cc7f78
ovrbench,BankruptcyForecast,203,2400,64,0.07389162561576355,188,0.014778325123152709,0.016666666666666666,0.4729064039408867,0.2966666666666667,0.029556650246305417,0.028333333333333332,0.17623973727422,0.0012233169129720854,64|89bc492a70|6add96888e
ovrbench,BatchProcessingEvents,1394,2400,6,0.4131994261119082,818,0.3916786226685796,0.0008333333333333334,0.42037302725968434,0.0375,0.4081779053084649,0.024583333333333332,0.38287302725968436,0.3835945719751315,6|52df74f087|6b08da6333
ovrbench,BoundingBoxClassification,15088,2400,4,0.7356177094379639,3989,0.23170731707317074,0.0004166666666666667,0.6520413573700954,0.06208333333333333,0.5816542948038176,0.04416666666666667,0.589958024036762,0.5374876281371509,4|fdd81e067e|c5abc44f01
ovrbench,BoxTracking,3426,2400,12,0.975189725627554,85,0.46322241681260945,0.002916666666666667,0.9772329246935202,0.12833333333333333,0.9051371862230005,0.03875,0.8488995913601869,0.8663871862230006,12|0b844fc849|961b7aad0f
ovrbench,BrainEEGSignals,250,440,14,0.076,231,0.02,0.01818181818181818,0.172,0.12727272727272726,0.064,0.03636363636363636,0.04472727272727273,0.02763636363636364,14|ec90473025|34e908b222
ovrbench,BreastCancer,616,1364,4,0.13636363636363635,532,0.0016233766233766235,0.0007331378299120235,0.1038961038961039,0.03812316715542522,0.07305194805194805,0.030058651026392963,0.06577293674067869,0.042993297025555086,4|22c1ff6d1e|c2128305f6
ovrbench,BusinessAnomalies,1988,2400,5,0.4844064386317907,1025,0.36016096579476864,0.0020833333333333333,0.5266599597585513,0.10041666666666667,0.43762575452716296,0.05291666666666667,0.42624329309188463,0.3847090878604963,5|60446e6355|0ef38d6b6f
ovrbench,CarSales,719,2008,4,1.0,0,1.0,0.00099601593625498,1.0,0.052788844621513946,1.0,0.03386454183266932,0.9472111553784861,0.9661354581673307,4|0f1b466717|1245510ac6
ovrbench,CardiacHealth,5247,2400,5,0.2975033352391843,3686,0.057366113969887556,0.0,0.2874023251381742,0.0775,0.12083095101963026,0.0375,0.2099023251381742,0.08333095101963026,5|4d6b8eeb73|8a95aad41e
ovrbench,CareerDayAnomaly,106,1778,8,0.16981132075471697,88,0.02830188679245283,0.00562429696287964,0.3584905660377358,0.11979752530933634,0.16037735849056603,0.03993250843644545,0.23869304072839947,0.12044485005412059,8|a64ad56e47|237d339cc0
ovrbench,CelestialObjects2,9069,2400,14,0.8289778365861726,1551,0.6625868342705922,0.006666666666666667,0.9891939574374242,0.15541666666666668,0.7404344470173118,0.03791666666666667,0.8337772907707576,0.702517780350645,14|95e7258530|86908407fc
ovrbench,CombatStats,175,330,11,0.0,175,0.04,0.015151515151515152,0.18285714285714286,0.19090909090909092,0.08,0.06060606060606061,-0.00805194805194806,0.019393939393939394,11|38c52ee20e|67bd5ee757
ovrbench,Contaminant-detection-in-packaged-cocoa-,118,480,30,0.00847457627118644,117,0.01694915254237288,0.05,0.3135593220338983,0.4270833333333333,0.05084745762711865,0.09166666666666666,-0.11352401129943501,-0.04081920903954801,30|516a7432d9|f1bf4eb1c9
ovrbench,CreditCustomerData,1368,2400,7,0.0,1368,0.0029239766081871343,0.0075,0.1513157894736842,0.12583333333333332,0.0445906432748538,0.05375,0.025482456140350884,-0.0091593567251462,7|7a1f554889|90634a2339
ovrbench,CreditRisk,400,2400,30,0.865,54,0.3925,0.00625,0.93,0.31416666666666665,0.835,0.037083333333333336,0.6158333333333335,0.7979166666666666,30|db6e4de114|4b22767969
ovrbench,CreditScoringAnomalies,6565,2400,41,0.040822543792840824,6297,0.004874333587204874,0.00625,0.2233054074638233,0.23166666666666666,0.02162985529322163,0.021666666666666667,-0.008361259202843363,-3.681137344503649e-05,41|b780b9fe2c|4c30e640e0
ovrbench,CropWeedDetection,86,386,4,0.0,86,0.0,0.0025906735751295338,0.011627906976744186,0.046632124352331605,0.0,0.031088082901554404,-0.03500421737558742,-0.031088082901554404,4|d2d6960f87|c7e589a9e2
ovrbench,CryptoTradingSignals,85,374,173,0.0,85,1.0,0.28342245989304815,1.0,0.6978609625668449,1.0,0.30213903743315507,0.30213903743315507,0.6978609625668449,173|50a86bfca7|d922d29df3
ovrbench,CryptojackingSystem,598,2400,14,0.30267558528428096,417,0.051839464882943144,0.00125,0.3963210702341137,0.115,0.11872909698996656,0.028333333333333332,0.28132107023411373,0.09039576365663322,14|f360483b75|4a917de846
ovrbench,CustomerChurn2,1027,2400,5,0.022395326192794548,1004,0.0,0.0008333333333333334,0.03992210321324245,0.049166666666666664,0.018500486854917234,0.025833333333333333,-0.009244563453424212,-0.007332846478416099,5|18b77bfe9f|ca8e150c5d
ovrbench,DiabetesMetrics,160,336,12,0.0,160,0.06875,0.01488095238095238,0.2875,0.21726190476190477,0.125,0.06845238095238096,0.07023809523809521,0.05654761904761904,12|3524ac29f5|cdcd500e45
ovrbench,DiabeticRetinopathy,80,445,16,0.05,76,0.0375,0.020224719101123594,0.175,0.14382022471910114,0.0625,0.04044943820224719,0.031179775280898853,0.02205056179775281,16|c9ebc94bb7|14b3fdc6a6
ovrbench,DiskHealthPrediction,205,550,6,0.0,205,0.8,0.0018181818181818182,0.8292682926829268,0.06545454545454546,0.8097560975609757,0.038181818181818185,0.7638137472283814,0.7715742793791575,6|61211b23fb|3451e49130
ovrbench,ECGAnomaly,581,1168,140,0.4457831325301205,322,0.9776247848537005,0.04708904109589041,1.0,0.3784246575342466,0.9810671256454389,0.05136986301369863,0.6215753424657534,0.9296972626317402,140|c3b70a7f10|23cead8f19
ovrbench,EEGEyeState,1133,2400,14,0.05648720211827008,1069,0.00617828773168579,0.0033333333333333335,0.14298323036187113,0.125,0.038834951456310676,0.0275,0.017983230361871133,0.011334951456310676,14|137927a240|2613638929
ovrbench,ElectronicCommerceAnomalies,91,685,73,0.0,91,0.10989010989010989,0.051094890510948905,0.5824175824175825,0.3605839416058394,0.16483516483516483,0.06715328467153285,0.22183364081174306,0.09768188016363198,73|2582af2751|d549d15657
ovrbench,EmployeePerformance,8356,2400,4,0.16539013882240305,6974,0.04607467687888942,0.0016666666666666668,0.307922450933461,0.0675,0.25610339875538535,0.04416666666666667,0.24042245093346098,0.2119367320887187,4|49ae84ef08|05ee725652
ovrbench,FICO-HELOC-cleaned,846,2055,21,0.016548463356973995,832,0.004728132387706856,0.0019464720194647203,0.16312056737588654,0.12992700729927006,0.028368794326241134,0.019464720194647202,0.033193560076616474,0.008904074131593932,21|f9363c62d1|f1fe2e0094
ovrbench,FakeNewsPropagation,2816,2400,11,0.25639204545454547,2094,0.01278409090909091,0.0016666666666666668,0.3327414772727273,0.10458333333333333,0.18181818181818182,0.03,0.22815814393939396,0.15181818181818182,11|6bf31891df|39d0a763ee
ovrbench,FinancialIndicators1,96,401,16,0.010416666666666666,95,0.19791666666666666,0.04987531172069826,0.3333333333333333,0.14962593516209477,0.22916666666666666,0.057356608478802994,0.18370739817123855,0.17181005818786366,16|ff428dfbf8|51ec919113
ovrbench,FinancialMetricsAnomaly,875,1568,23,0.09485714285714286,792,0.06514285714285714,0.012755102040816327,0.4205714285714286,0.3010204081632653,0.12914285714285714,0.0548469387755102,0.11955102040816329,0.07429591836734695,23|b2eebbd2b4|6d3ab4d133
ovrbench,FinancialTransaction1,388,2400,102,0.07474226804123711,359,0.01804123711340206,0.014583333333333334,0.16752577319587628,0.19125,0.023195876288659795,0.025416666666666667,-0.023724226804123727,-0.0022207903780068726,102|6e41f1c19f|8a1a12c0fd
ovrbench,FinancialTransaction4,2093,2400,7,0.062111801242236024,1963,0.003822264691829909,0.0020833333333333333,0.18346870520783565,0.05291666666666667,0.15193502150023888,0.0225,0.13055203854116898,0.1294350215002389,7|ec103426f2|16d630f475
ovrbench,FireRiskAnalysis,3819,2400,15,0.006546216286986122,3794,0.006022518984027232,0.004166666666666667,0.16601204503796804,0.12833333333333333,0.041895784236711184,0.0275,0.037678711704634715,0.014395784236711184,15|6f7e704823|c6601d31e8
ovrbench,FootballBetting,2570,2400,7,1.0,0,0.003501945525291829,0.002916666666666667,0.034241245136186774,0.05541666666666667,0.014396887159533073,0.02666666666666667,-0.021175421530479896,-0.012269779507133595,7|af4d009ace|7a59ca9662
ovrbench,FootballEfficiency,1049,2400,6,0.14299332697807435,899,0.002859866539561487,0.0025,0.27454718779790277,0.10541666666666667,0.14489990467111535,0.03958333333333333,0.1691305211312361,0.10531657133778202,6|6c1c0e698f|e93b9573e2
ovrbench,FootballOutcome,189,508,4,1.0,0,1.0,0.005905511811023622,1.0,0.07480314960629922,1.0,0.045275590551181105,0.9251968503937008,0.9547244094488189,4|5e5041d246|d13348dea7
ovrbench,GamingBehavior,400,2000,23,0.1875,325,0.215,0.002,0.62,0.1715,0.3575,0.019,0.4485,0.33849999999999997,23|b33855e4d1|c550e623e9
ovrbench,GeneExpressionCoactivator,561,1374,4,0.7450980392156863,143,0.36541889483065954,0.00727802037845706,0.8841354723707665,0.09461426491994178,0.8591800356506238,0.05967976710334789,0.7895212074508248,0.799500268547276,4|563e6a4884|bae1a4d7b6
ovrbench,GeneticMutationAnalysis,45,956,12,0.26666666666666666,33,0.0,0.0010460251046025104,0.3111111111111111,0.05230125523012552,0.13333333333333333,0.016736401673640166,0.2588098558809856,0.11659693165969316,12|4e9d9fce00|f386729cf0
ovrbench,GeotechnicalAnomalies,963,1695,6,0.06230529595015576,903,0.0020768431983385254,0.0011799410029498525,0.07268951194184839,0.0855457227138643,0.04776739356178609,0.04129793510324484,-0.012856210772015916,0.006469458458541251,6|f2de5ad006|4dbdcadc5c
ovrbench,GesturePhaseSegmentationProcessed,569,1180,32,0.033391915641476276,550,0.06678383128295255,0.0288135593220339,0.24253075571177504,0.25677966101694916,0.09314586994727592,0.04576271186440678,-0.014248905305174114,0.04738315808286914,32|9ca071de6a|7ef1936e80
ovrbench,HIVInfection,276,544,8,0.0,276,0.0,0.0,0.0,0.0,0.0,0.0,0.0,0.0,8|9958c0a42f|5308666f8a
ovrbench,HeadingDetection,2865,2400,7,0.008726003490401396,2840,0.00034904013961605586,0.0020833333333333333,0.021291448516579405,0.05333333333333334,0.004537521815008726,0.0175,-0.032041884816753935,-0.012962478184991275,7|c049f6353c|68c4914895
ovrbench,HealthActivityObesity,3730,2400,6,0.04423592493297587,3565,0.0018766756032171583,0.0004166666666666667,0.054959785522788206,0.06583333333333333,0.022520107238605896,0.027083333333333334,-0.010873547810545121,-0.004563226094727438,6|2ffcb7c029|315aebd162
ovrbench,HealthMetrics,249,1945,3,0.10441767068273092,223,0.004016064257028112,0.0,0.08032128514056225,0.05398457583547558,0.040160642570281124,0.038560411311053984,0.02633670930508667,0.0016002312592271403,3|46f081b920|51fb44285b
ovrbench,ImageSegmentation,303,520,59,0.0,303,0.1353135313531353,0.06538461538461539,0.5874587458745875,0.4442307692307692,0.15841584158415842,0.08269230769230769,0.14322797664381826,0.07572353389185073,59|76c565fe0f|fbbe879531
ovrbench,JobChangePatterns,2864,2400,3,0.0006983240223463687,2862,0.0,0.0,0.04329608938547486,0.034166666666666665,0.03526536312849162,0.027083333333333334,0.009129422718808199,0.008182029795158287,3|272a61a6e2|65b768a7e7
ovrbench,JobMarket,109,714,5,0.0,109,0.0,0.004201680672268907,0.027522935779816515,0.04341736694677871,0.0,0.02100840336134454,-0.015894431166962195,-0.02100840336134454,5|3b9549fabc|1063931f29
ovrbench,KDD,459,1007,32,0.030501089324618737,445,0.02178649237472767,0.022840119165839126,0.23093681917211328,0.2502482621648461,0.037037037037037035,0.05561072492552135,-0.019311442992732797,-0.018573687888484312,32|0733a2628f|7df7611f82
ovrbench,KPIData,386,2400,3,0.03626943005181347,372,0.0,0.0020833333333333333,0.007772020725388601,0.030416666666666668,0.007772020725388601,0.028333333333333332,-0.022644645941278067,-0.02056131260794473,3|498471d2ab|43a1f6eaeb
ovrbench,KenyaMovement,400,2400,9,0.1025,359,0.01,0.00125,0.2475,0.15416666666666667,0.0725,0.0425,0.09333333333333332,0.029999999999999992,9|586b526fc4|24220b3b55
ovrbench,KickstarterCampaigns,31296,2400,5,0.5476738241308794,14156,0.25600715746421265,0.0008333333333333334,0.6637589468302658,0.06875,0.55607745398773,0.0375,0.5950089468302658,0.51857745398773,5|d6f53ef141|8264feb246
ovrbench,MalariaDetection,1153,2400,5,0.02515177797051171,1124,0.0017346053772766695,0.0016666666666666668,0.09540329575021683,0.05875,0.04336513443191674,0.03125,0.036653295750216836,0.012115134431916738,5|eb60e44652|0d6c64b51b
ovrbench,MalwareHardwareMetrics,802,2400,16,0.3802992518703242,497,0.12219451371571072,0.005416666666666667,0.5024937655860349,0.14208333333333334,0.31296758104738154,0.02875,0.36041043225270153,0.28421758104738154,16|445bc30f2c|7963fccf20
ovrbench,MissingInformation1,269,1025,20,0.7063197026022305,79,0.49070631970260226,0.00975609756097561,0.8736059479553904,0.27219512195121953,0.5130111524163569,0.03414634146341464,0.6014108260041708,0.4788648109529422,20|395902f201|707ef33311
ovrbench,MolecularAnomalies1,199,471,106,0.0,199,0.40703517587939697,0.07643312101910828,0.8944723618090452,0.47558386411889597,0.4271356783919598,0.08917197452229299,0.41888849769014924,0.33796370386966684,106|0f9b9648d3|99ee923195
ovrbench,MolecularBinding,239,535,10,0.46443514644351463,128,0.28451882845188287,0.007476635514018692,0.7573221757322176,0.14392523364485982,0.5146443514644351,0.048598130841121495,0.6133969420873577,0.4660462206233136,10|6d49fafce4|f06826d4de
ovrbench,NetworkHealthMonitor,1543,2400,22,0.02268308489954634,1508,0.03823720025923526,0.004583333333333333,0.5223590408295529,0.13875,0.09397278029812055,0.023333333333333334,0.3836090408295528,0.07063944696478722,22|3e8b950260|83fa5c6286
ovrbench,NeuroSignalEEG,14578,2400,12,0.07127177939360681,13539,0.018109480038414047,0.0016666666666666668,0.224584991082453,0.2125,0.06852791878172589,0.04375,0.012084991082453006,0.02477791878172589,12|e839496a0d|5b7eab660a
ovrbench,OrbitalAnomalies,113,591,11,1.0,0,1.0,0.00676818950930626,1.0,0.18104906937394247,1.0,0.07445008460236886,0.8189509306260575,0.9255499153976311,11|68b0f99952|bed7f818b9
ovrbench,PatientSurvival1,73,422,9,0.1095890410958904,65,0.3424657534246575,0.02132701421800948,0.5068493150684932,0.16587677725118483,0.3835616438356164,0.08293838862559241,0.34097253781730835,0.300623255210024,9|d50295f025|e07990b753
ovrbench,PerformanceBenchmark,94,486,4,0.24468085106382978,71,0.0,0.00205761316872428,0.23404255319148937,0.07407407407407407,0.11702127659574468,0.026748971193415638,0.1599684791174153,0.09027230540232904,4|891731c513|99d3702667
ovrbench,PhysicsTraining,4080,2400,49,0.11151960784313726,3625,0.01764705882352941,0.014166666666666666,0.3735294117647059,0.34625,0.047058823529411764,0.050416666666666665,0.027279411764705885,-0.003357843137254901,49|0aae4229d1|35044d6706
ovrbench,PizzaDetection,155,800,9,0.5548387096774193,69,0.012903225806451613,0.00875,0.0967741935483871,0.08875,0.025806451612903226,0.035,0.008024193548387099,-0.009193548387096778,9|e16a6a3eef|b6ddeed4d8
ovrbench,PokemonBattle,1214,2400,12,0.10543657331136738,1086,0.01070840197693575,0.00625,0.27677100494233936,0.13166666666666665,0.08649093904448106,0.029583333333333333,0.1451043382756727,0.056907605711147724,12|7680a24e83|a29502e5a1
ovrbench,PoseDetection,342,651,52,0.03216374269005848,331,0.10526315789473684,0.06912442396313365,0.5555555555555556,0.37327188940092165,0.13157894736842105,0.08755760368663594,0.18228366615463393,0.044021343681785105,52|8781dee639|9754be36b0
ovrbench,PredictiveMaintenance,886,2400,17,1.0,0,1.0,0.004583333333333333,1.0,0.235,1.0,0.04791666666666667,0.765,0.9520833333333333,17|24d67e7023|60d8a61fc7
ovrbench,ProductionWorkflow,282,487,10,0.03900709219858156,271,0.024822695035460994,0.004106776180698152,0.19858156028368795,0.12320328542094455,0.0673758865248227,0.03285420944558522,0.0753782748627434,0.03452167707923748,10|f057728ac9|8f33777907
ovrbench,PsychoPrediction,14736,2400,3,0.033184039087947884,14247,0.0019001085776330076,0.0020833333333333333,0.03046959826275787,0.03375,0.027483713355048858,0.03,-0.0032804017372421307,-0.0025162866449511406,3|448f877cad|9d1b17d59f
ovrbench,RealEstateData,491,1486,4,0.0,491,0.002036659877800407,0.0013458950201884253,0.026476578411405296,0.06460296096904442,0.020366598778004074,0.04306864064602961,-0.038126382557639116,-0.022702041868025536,4|854d3e8102|d2ef3d8174
ovrbench,RealEstateListings,4730,2400,6,0.06427061310782241,4426,0.004862579281183933,0.0016666666666666668,0.12959830866807612,0.09166666666666666,0.0653276955602537,0.034583333333333334,0.03793164200140946,0.030744362226920362,6|677241f2ec|4d382aaae5
ovrbench,ReviewSentiment,146,888,9,0.6506849315068494,51,0.8082191780821918,0.009009009009009009,0.8698630136986302,0.09346846846846847,0.863013698630137,0.03153153153153153,0.7763945452301617,0.8314821670986055,9|dc7036eb4f|4891305833
ovrbench,Run_or_walk_information,3170,2400,6,0.005362776025236593,3153,0.0003154574132492114,0.002916666666666667,0.016719242902208203,0.11875,0.007886435331230283,0.059166666666666666,-0.10203075709779179,-0.05128023133543638,6|53b8e98fec|03ecf595ef
ovrbench,Satellite,75,2010,36,0.8,15,0.6666666666666666,0.01791044776119403,0.92,0.19800995024875623,0.7333333333333333,0.04129353233830846,0.7219900497512438,0.6920398009950248,36|e6dcdd5486|16dfbc3061
ovrbench,ScientificMeasurement,278,459,3,0.22661870503597123,215,0.06474820143884892,0.008714596949891068,0.2841726618705036,0.0718954248366013,0.27697841726618705,0.054466230936819175,0.2122772370339023,0.22251218632936787,3|560ea5a3e1|14310a054b
ovrbench,SensorAnomaly,1248,2400,10,0.10096153846153846,1122,0.021634615384615384,0.007916666666666667,0.24118589743589744,0.16833333333333333,0.10817307692307693,0.05583333333333333,0.0728525641025641,0.052339743589743595,10|cba95a35b0|e0055e9376
ovrbench,SepsisMonitoring,890,2400,12,0.014606741573033709,877,0.0348314606741573,0.0008333333333333334,0.17752808988764046,0.10625,0.08202247191011236,0.019166666666666665,0.07127808988764046,0.0628558052434457,12|97ef028c53|1049fd4320
ovrbench,ShillBidding,498,2259,8,0.08433734939759036,456,0.010040160642570281,0.0004426737494466578,0.3333333333333333,0.06905710491367861,0.1646586345381526,0.01859229747675963,0.2642762284196547,0.14606633706139296,8|2355cfb829|e4d2c71183
ovrbench,ShuttleOperations,2573,2400,8,0.5899727944034201,1055,0.4282938204430626,0.0016666666666666668,0.6828604741546832,0.05416666666666667,0.6129032258064516,0.0225,0.6286938074880165,0.5904032258064517,8|8ca85b13d1|b6f7eb66db
ovrbench,SolarFlare,11673,2400,15,0.38310631371541165,7201,0.09928895742311317,0.00375,0.4227704960164482,0.1125,0.2413261372397841,0.03166666666666667,0.31027049601644824,0.20965947057311743,15|9edbade8ac|05133c7e50
ovrbench,SpatialAnomalies,637,1022,14,0.13657770800627944,550,0.06907378335949764,0.015655577299412915,0.3516483516483517,0.22407045009784735,0.14913657770800628,0.05577299412915851,0.12757790155050433,0.09336358357884778,14|657556dbac|78aa6fe40f
ovrbench,SpectralImaging,6422,2400,60,0.24166926191217689,4870,0.0708502024291498,0.004583333333333333,0.7676736219246341,0.09041666666666667,0.20133914668327624,0.010833333333333334,0.6772569552579674,0.1905058133499429,60|fb901137f9|e698d0a683
ovrbench,SpeechAnalysis,988,2400,14,0.6781376518218624,318,0.6133603238866396,0.004583333333333333,0.8076923076923077,0.13875,0.7226720647773279,0.030416666666666668,0.6689423076923077,0.6922553981106613,14|34025c6f34|5fb22e11d9
ovrbench,SpotifyHitPredictor,411,1280,13,0.25304136253041365,307,0.30413625304136255,0.01171875,0.7299270072992701,0.18359375,0.5352798053527981,0.0453125,0.5463332572992701,0.4899673053527981,13|b51df97f79|e92af39e92
ovrbench,StockMarketAnomaly,136,360,3,1.0,0,1.0,0.0,1.0,0.030555555555555555,1.0,0.019444444444444445,0.9694444444444444,0.9805555555555555,3|7d6dd30ac0|98c27b9e4b
ovrbench,SwampAnomaly,236,495,12,0.09322033898305085,214,0.9788135593220338,0.006060606060606061,1.0,0.11717171717171718,0.9830508474576272,0.044444444444444446,0.8828282828282829,0.9386064030131828,12|6efe1206cc|6e788b5194
ovrbench,SyntheticNumericalBatch,334,1976,128,0.02694610778443114,325,0.005988023952095809,0.013663967611336033,0.2215568862275449,0.19838056680161945,0.008982035928143712,0.01568825910931174,0.023176319425925462,-0.0067062231811680275,128|3737091e57|6aba1fdec6
ovrbench,SystemComponents,74,562,6,0.06756756756756757,69,0.0,0.0017793594306049821,0.06756756756756757,0.04448398576512456,0.02702702702702703,0.01601423487544484,0.023083581802443014,0.011012792151582188,6|3a18719aa6|ac53aba3d5
ovrbench,SystemPerformance2,610,2000,6,0.9180327868852459,50,0.9049180327868852,0.0,0.9245901639344263,0.0755,0.919672131147541,0.0315,0.8490901639344263,0.888172131147541,6|1d1de195e6|8e029cb671
ovrbench,TextAnomalyDetection,2011,2400,9,0.04922923918448533,1912,0.0044753853804077575,0.0033333333333333335,0.04972650422675286,0.06791666666666667,0.0208851317752362,0.025833333333333333,-0.01819016243991381,-0.004948201558097134,9|c3bbd245f4|6ff2d075c6
ovrbench,ThermalAnomaly,1816,2400,5,0.9928414096916299,13,0.9928414096916299,0.0016666666666666668,0.9944933920704846,0.06,0.9939427312775331,0.030416666666666668,0.9344933920704845,0.9635260646108664,5|c38a00f2da|4782a21194
ovrbench,ThyroidFunction,133,1067,6,0.5112781954887218,65,0.05263157894736842,0.0028116213683223993,0.48120300751879697,0.05998125585754452,0.3458646616541353,0.031865042174320526,0.4212217516612524,0.3139996194798148,6|f1959f5f58|0547c4177b
ovrbench,TrafficSensor,3844,2400,9,0.7614464099895941,917,0.6768990634755463,0.0020833333333333333,0.7606659729448492,0.09125,0.7213839750260146,0.029166666666666667,0.6694159729448492,0.6922173083593479,9|660832c603|299cd8b264
ovrbench,TwitterEmotion,670,1192,13,0.08955223880597014,610,0.016417910447761194,0.010067114093959731,0.24925373134328357,0.19714765100671142,0.07611940298507462,0.04194630872483222,0.05210608033657216,0.034173094260242405,13|b57a957e70|9c0d747bf3
ovrbench,UrlAnalysis,790,1272,15,0.13924050632911392,680,0.05443037974683544,0.003930817610062893,0.3911392405063291,0.1391509433962264,0.15443037974683543,0.03459119496855346,0.2519882971101027,0.11983918477828198,15|d13e38ab35|982be1e539
ovrbench,UserInteraction1,1577,2400,9,0.8059606848446417,306,0.6670894102726697,0.0016666666666666668,0.8389346861128726,0.08625,0.7349397590361446,0.025416666666666667,0.7526846861128726,0.709523092369478,9|da652794d4|b681635aca
ovrbench,UserMovieInteractions,5503,2400,17,0.006360167181537343,5468,0.003997819371252044,0.004166666666666667,0.23423587134290388,0.18458333333333332,0.054333999636561874,0.03666666666666667,0.04965253800957056,0.017667332969895207,17|03800590ad|9935042533
ovrbench,ViralProteinFunction,12500,2400,3,0.212,9850,0.09368,0.00125,0.24952,0.0425,0.238,0.034583333333333334,0.20701999999999998,0.20341666666666666,3|197a0d681d|d1775c3a8e
ovrbench,WebpageSessionIntrusion,2258,2400,10,0.11868910540301152,1990,0.002657218777679362,0.0025,0.03897254207263064,0.09541666666666666,0.007528786536758193,0.014166666666666666,-0.05644412459403602,-0.0066378801299084725,10|0f8c24577a|5d8756ebe7
ovrbench,WellMetrics,36,430,8,0.0,36,0.3888888888888889,0.01627906976744186,0.7222222222222222,0.13953488372093023,0.5833333333333334,0.07674418604651163,0.582687338501292,0.5065891472868217,8|e26314ef27|516a1f3039
ovrbench,Word2VecPCA,1496,2400,3,0.04077540106951872,1435,0.0,0.0004166666666666667,0.02339572192513369,0.030833333333333334,0.020053475935828877,0.02625,-0.0074376114081996444,-0.006196524064171122,3|a2e58e6b3f|42665341d9
ovrbench,XSSDetection,6051,2400,56,0.06990580069410014,5628,0.03767972235994051,0.016666666666666666,0.5589158816724509,0.2629166666666667,0.0879193521731945,0.035833333333333335,0.2959992150057842,0.05208601883986117,56|e74676e78a|ba5fa3195e
ovrbench,ailerons,1832,2400,28,0.259825327510917,1356,0.030021834061135372,0.0033333333333333335,0.4634279475982533,0.15333333333333332,0.11135371179039301,0.02,0.31009461426491997,0.091353711790393,28|28bd355556|f6a3ba98c8
ovrbench,compass,1425,2400,9,0.05754385964912281,1343,0.0077192982456140355,0.0025,0.12070175438596491,0.10583333333333333,0.047719298245614036,0.03166666666666667,0.014868421052631572,0.016052631578947367,9|26e8aa9927|d528eeb1f1
ovrbench,dry_bean_dataset,309,1419,16,0.9288025889967637,22,0.9093851132686084,0.014094432699083862,0.9546925566343042,0.12544045102184637,0.9255663430420712,0.03805496828752643,0.8292521056124578,0.8875113747545448,16|a4a2571bb9|d6efad6800
ovrbench,guillermo,1327,2400,4279,0.0,1327,0.1039939713639789,0.09833333333333333,0.9969856819894499,0.9958333333333333,0.2185380557648832,0.225,0.0011523486561165752,-0.006461944235116812,4279|6845f7fa76|8666a05398
ovrbench,internet_firewall,4121,2400,7,0.26522688667799077,3028,0.0,0.0,0.26522688667799077,0.019583333333333335,0.26522688667799077,0.005416666666666667,0.24564355334465743,0.2598102200113241,7|75c152f132|15224c6b54
ovrbench,jannis,7706,2400,54,0.029327796522190502,7480,0.035946016091357384,0.034583333333333334,0.6237996366467687,0.5516666666666666,0.08876200363353232,0.07166666666666667,0.0721329699801021,0.017095336966865646,54|fe8fcb6a45|c12323b8a3
ovrbench,jasmine,139,597,8,0.04316546762589928,133,0.02877697841726619,0.01507537688442211,0.16546762589928057,0.1390284757118928,0.08633093525179857,0.05360134003350084,0.026439150187387767,0.03272959521829773,8|2edda2363a|351c18ca9c
ovrbench,madeline,193,632,255,0.0,193,0.2849740932642487,0.3829113924050633,0.9948186528497409,0.9936708860759493,0.3160621761658031,0.4161392405063291,0.0011477667737915809,-0.10007706434052599,255|cca189ac4f|42252c844c
ovrbench,malware-analysis-datasets-pe-section-hea,1725,2400,4,0.0463768115942029,1645,0.008695652173913044,0.00375,0.12405797101449276,0.04833333333333333,0.08869565217391304,0.029166666666666667,0.07572463768115942,0.05952898550724637,4|67234439b4|b4a0f751e7
ovrbench,mozilla4,998,2400,4,0.8086172344689379,191,0.7995991983967936,0.0,0.8196392785571143,0.07125,0.812625250501002,0.04125,0.7483892785571142,0.771375250501002,4|9bec93845b|47e3ae1a31
ovrbench,ozone-level-8hr,160,950,72,0.025,156,0.075,0.03894736842105263,0.5625,0.41368421052631577,0.10625,0.05263157894736842,0.14881578947368423,0.05361842105263158,72|d6908263f4|dfdc4c4f02
ovrbench,page-blocks,560,1966,10,0.22857142857142856,432,0.24285714285714285,0.001017293997965412,0.8071428571428572,0.08545269582909461,0.5839285714285715,0.0254323499491353,0.7216901613137625,0.5584962214794361,10|8acbb2e037|b697b0b7c2
ovrbench,philippine,720,1167,308,0.0,720,0.22361111111111112,0.2236503856041131,0.9875,0.9820051413881749,0.24861111111111112,0.24592973436161097,0.005494858611825193,0.0026813767495001417,308|2cbad32ec2|eceeb04063
ovrbench,rice_cammeo_and_osmancik,173,872,7,0.5953757225433526,70,0.4161849710982659,0.008027522935779817,0.7572254335260116,0.08371559633027523,0.6011560693641619,0.04357798165137615,0.6735098371957363,0.5575780877127857,7|81f1751c56|c4c6fefb3a
ovrbench,seismic-bumps,170,966,6,0.08823529411764706,155,0.0,0.005175983436853002,0.10588235294117647,0.07246376811594203,0.047058823529411764,0.037267080745341616,0.03341858482523444,0.009791742784070148,6|0523a1a914|ec8e0b931a
ovrbench,sf-police-incidents,269319,2400,5,0.0,269319,0.00047155974884802035,0.0004166666666666667,0.05507595082411564,0.0375,0.02951889766410836,0.020416666666666666,0.017575950824115644,0.009102230997441695,5|c9f429b3d6|9bb3bfa55e
ovrbench,students_dropout_and_academic_success,312,884,14,0.13782051282051283,269,0.003205128205128205,0.004524886877828055,0.0641025641025641,0.0746606334841629,0.035256410256410256,0.023755656108597284,-0.010558069381598797,0.011500754147812972,14|8ab18e83b0|529a635850
ovrbench,thyroid-ann,284,1396,6,0.573943661971831,121,0.1795774647887324,0.00501432664756447,0.6161971830985915,0.08739255014326648,0.4507042253521127,0.04512893982808023,0.528804632955325,0.40557528552403244,6|4db7c8b1fd|315ce4822f
ovrbench,visualizing_soil,328,1902,3,0.18902439024390244,266,0.009146341463414634,0.0005257623554153522,0.125,0.06256572029442692,0.10365853658536585,0.05152471083070452,0.06243427970557308,0.05213382575466133,3|6075819d31|1399fa08fa
ovrbench,volcanoes-a4,150,546,3,0.5133333333333333,73,0.16,0.009157509157509158,0.3466666666666667,0.05311355311355311,0.32666666666666666,0.04212454212454213,0.2935531135531136,0.2845421245421245,3|fefb96e489|84d5577b16
ovrbench,volkert,724,2400,147,0.0,724,0.281767955801105,0.02375,0.899171270718232,0.5479166666666667,0.36187845303867405,0.04041666666666666,0.3512546040515653,0.3214617863720074,147|bab883427d|edb9fcabcc
ovrbench,waveform_database_generator_version_1,263,679,21,0.2661596958174905,193,0.5399239543726235,0.044182621502209134,0.844106463878327,0.3696612665684831,0.6463878326996197,0.08689248895434462,0.4744451973098439,0.5594953437452751,21|efa62f6507|b179790054
ucr,001_UCR_Anomaly_DISTORTED1sddb40_35000_5,43,500,28,0.0,43,0.4883720930232558,0.096,0.5813953488372093,0.308,0.5116279069767442,0.124,0.27339534883720934,0.3876279069767442,28|13bbe5a9d5|36fe12b634
ucr,002_UCR_Anomaly_DISTORTED2sddb40_35000_5,23,500,28,0.0,23,0.13043478260869565,0.132,0.5217391304347826,0.32,0.17391304347826086,0.146,0.2017391304347826,0.027913043478260874,28|26255ddeed|05309cd922
ucr,003_UCR_Anomaly_DISTORTED3sddb40_35000_4,23,500,28,0.0,23,0.9130434782608695,0.17,0.9130434782608695,0.418,0.9130434782608695,0.204,0.49504347826086953,0.7090434782608696,28|1721a6b91b|710350e197
ucr,007_UCR_Anomaly_DISTORTEDCIMIS44AirTempe,6,98,28,0.0,6,0.6666666666666666,0.061224489795918366,0.6666666666666666,0.23469387755102042,0.6666666666666666,0.061224489795918366,0.4319727891156462,0.6054421768707483,28|649f49cf01|a2ef6ba1c2
ucr,009_UCR_Anomaly_DISTORTEDCIMIS44AirTempe,7,102,28,0.0,7,0.5714285714285714,0.06862745098039216,0.5714285714285714,0.18627450980392157,0.5714285714285714,0.06862745098039216,0.3851540616246498,0.5028011204481793,28|650e2732cc|6d824631b1
ucr,013_UCR_Anomaly_DISTORTEDECG3_15000_1600,10,374,28,0.4,6,0.0,0.03208556149732621,0.4,0.24866310160427807,0.1,0.06951871657754011,0.15133689839572195,0.0304812834224599,28|7f2facac84|34d95ba96e
ucr,014_UCR_Anomaly_DISTORTEDECG3_8000_17000,10,374,28,0.5,5,0.4,0.016042780748663103,0.5,0.2192513368983957,0.5,0.040106951871657755,0.2807486631016043,0.45989304812834225,28|f3b4bf06fb|02a8c00bcf
ucr,019_UCR_Anomaly_DISTORTEDGP711MarkerLFM5,7,150,28,0.0,7,0.0,0.12666666666666668,0.0,0.35333333333333333,0.0,0.14666666666666667,-0.35333333333333333,-0.14666666666666667,28|f19bf48e52|38b91ebbd3
ucr,020_UCR_Anomaly_DISTORTEDGP711MarkerLFM5,17,150,28,0.0,17,0.0,0.06,0.0,0.24666666666666667,0.0,0.06666666666666667,-0.24666666666666667,-0.06666666666666667,28|761f76de97|a11ffbb488
ucr,026_UCR_Anomaly_DISTORTEDInternalBleedin,14,94,28,0.0,14,0.42857142857142855,0.1595744680851064,0.6428571428571429,0.3191489361702128,0.42857142857142855,0.1595744680851064,0.3237082066869301,0.26899696048632216,28|4445c370e1|700045c0b7
ucr,035_UCR_Anomaly_DISTORTEDInternalBleedin,11,91,28,0.0,11,0.09090909090909091,0.10989010989010989,0.5454545454545454,0.3076923076923077,0.09090909090909091,0.10989010989010989,0.2377622377622377,-0.018981018981018977,28|d7233c7f07|9d083c6a29
ucr,036_UCR_Anomaly_DISTORTEDInternalBleedin,9,84,28,0.0,9,0.0,0.20238095238095238,0.0,0.30952380952380953,0.0,0.21428571428571427,-0.30952380952380953,-0.21428571428571427,28|0032e789b7|6bf3c182fb
ucr,038_UCR_Anomaly_DISTORTEDLab2Cmac011215E,8,374,28,0.0,8,0.25,0.08021390374331551,0.625,0.35561497326203206,0.5,0.10962566844919786,0.26938502673796794,0.39037433155080214,28|b144ad3f2d|14067766af
ucr,043_UCR_Anomaly_DISTORTEDMesoplodonDensi,14,308,28,0.5714285714285714,6,0.5714285714285714,0.01948051948051948,0.7142857142857143,0.19155844155844157,0.6428571428571429,0.03571428571428571,0.5227272727272727,0.6071428571428572,28|00daefde12|9ff132a1ad
ucr,046_UCR_Anomaly_DISTORTEDPowerDemand3_16,9,374,28,0.0,9,0.0,0.02406417112299465,0.0,0.2620320855614973,0.0,0.0481283422459893,-0.2620320855614973,-0.0481283422459893,28|a6a286bbb1|8e1220a83c
ucr,049_UCR_Anomaly_DISTORTEDTkeepFirstMARS_,5,142,28,0.0,5,0.0,0.15492957746478872,0.2,0.3873239436619718,0.0,0.19718309859154928,-0.1873239436619718,-0.19718309859154928,28|c87f85224f|dee7f68dd2
ucr,052_UCR_Anomaly_DISTORTEDTkeepThirdMARS_,10,140,28,0.0,10,0.3,0.11428571428571428,0.5,0.2785714285714286,0.3,0.12857142857142856,0.22142857142857142,0.17142857142857143,28|2c8fd0955c|ce313cb9e9
ucr,056_UCR_Anomaly_DISTORTEDapneaecg3_5000_,10,479,28,0.0,10,1.0,0.08559498956158663,1.0,0.33611691022964507,1.0,0.1127348643006263,0.6638830897703549,0.8872651356993737,28|9f993b35cb|8ceb88c55f
ucr,057_UCR_Anomaly_DISTORTEDapneaecg4_6000_,10,478,28,0.0,10,0.0,0.06694560669456066,0.4,0.29707112970711297,0.0,0.0899581589958159,0.10292887029288705,-0.0899581589958159,28|fd282f0e1b|12045171b6
ucr,058_UCR_Anomaly_DISTORTEDapneaecg_10000_,8,480,28,0.0,8,0.125,0.058333333333333334,0.125,0.34791666666666665,0.125,0.10833333333333334,-0.22291666666666665,0.016666666666666663,28|8e1a3c8ad9|7cf7a2864d
ucr,059_UCR_Anomaly_DISTORTEDgait1_20000_385,23,500,28,0.0,23,0.0,0.034,0.21739130434782608,0.262,0.0,0.072,-0.04460869565217393,-0.072,28|33accbe827|b38da24ff6
ucr,060_UCR_Anomaly_DISTORTEDgait2_22000_465,23,500,28,0.0,23,0.0,0.05,0.0,0.234,0.0,0.062,-0.234,-0.062,28|3fc3107d37|5c60bf65c3
ucr,062_UCR_Anomaly_DISTORTEDgaitHunt1_18500,11,500,28,0.0,11,0.2727272727272727,0.042,0.6363636363636364,0.27,0.2727272727272727,0.066,0.36636363636363634,0.2067272727272727,28|95a32e0c91|4ff4d80b93
ucr,063_UCR_Anomaly_DISTORTEDgaitHunt2_18500,45,500,28,0.17777777777777778,37,0.17777777777777778,0.026,0.3111111111111111,0.234,0.17777777777777778,0.058,0.0771111111111111,0.11977777777777779,28|c00022bd22|1d3c451793
ucr,065_UCR_Anomaly_DISTORTEDinsectEPG1_3000,6,124,28,0.0,6,0.0,0.11290322580645161,0.0,0.3467741935483871,0.0,0.11290322580645161,-0.3467741935483871,-0.11290322580645161,28|413affe8c6|ea26b025af
ucr,066_UCR_Anomaly_DISTORTEDinsectEPG2_3700,5,119,28,0.0,5,0.8,0.14285714285714285,1.0,0.3949579831932773,0.8,0.15126050420168066,0.6050420168067228,0.6487394957983194,28|7881e4332c|71274a3320
ucr,072_UCR_Anomaly_DISTORTEDltstdbs30791ES_,16,500,28,0.125,14,0.0,0.02,0.4375,0.238,0.0625,0.054,0.1995,0.0085,28|1b2b796cf3|d980bfbe9e
ucr,073_UCR_Anomaly_DISTORTEDpark3m_60000_72,25,500,28,0.04,24,0.32,0.032,0.56,0.26,0.36,0.064,0.30000000000000004,0.296,28|7483470a46|18ee65c0cf
ucr,074_UCR_Anomaly_DISTORTEDqtdbSel1005V_40,29,450,28,0.034482758620689655,28,0.0,0.051111111111111114,0.20689655172413793,0.2866666666666667,0.0,0.06222222222222222,-0.07977011494252875,-0.06222222222222222,28|99e4ee03f8|fe65722197
ucr,075_UCR_Anomaly_DISTORTEDqtdbSel100MLII_,29,374,28,0.0,29,0.0,0.06149732620320856,0.06896551724137931,0.24331550802139038,0.0,0.07219251336898395,-0.17434999078001107,-0.07219251336898395,28|b6e6388e4b|4f780d440b
ucr,078_UCR_Anomaly_DISTORTEDresperation1_10,13,500,28,0.6923076923076923,4,0.6923076923076923,0.022,0.6923076923076923,0.262,0.6923076923076923,0.056,0.4303076923076923,0.6363076923076922,28|1f363379a6|73700ccd15
ucr,086_UCR_Anomaly_DISTORTEDsddb49_20000_67,20,500,28,0.0,20,0.35,0.132,0.5,0.336,0.35,0.156,0.16399999999999998,0.19399999999999998,28|7b23e91c52|33038b5a75
ucr,087_UCR_Anomaly_DISTORTEDsel840mECG1_170,27,500,28,0.37037037037037035,17,0.14814814814814814,0.052,0.5185185185185185,0.36,0.18518518518518517,0.07,0.1585185185185185,0.11518518518518517,28|e9e211bdb8|c1ff25826c
ucr,088_UCR_Anomaly_DISTORTEDsel840mECG2_200,27,473,28,0.0,27,0.0,0.06553911205073996,0.18518518518518517,0.29809725158562367,0.0,0.07822410147991543,-0.1129120664004385,-0.07822410147991543,28|47945ad13f|749d3cbb14
ucr,089_UCR_Anomaly_DISTORTEDtiltAPB1_100000,8,500,28,0.0,8,0.0,0.116,0.25,0.366,0.0,0.14,-0.11599999999999999,-0.14,28|9e99ee2b7f|2d04511fbc
ucr,091_UCR_Anomaly_DISTORTEDtiltAPB3_40000_,28,500,28,0.0,28,0.0,0.052,0.39285714285714285,0.352,0.10714285714285714,0.098,0.04085714285714287,0.009142857142857133,28|cd109e4b47|7f54bd1c81
ucr,093_UCR_Anomaly_NOISE1sddb40_35000_52000,43,500,28,0.0,43,0.4418604651162791,0.106,0.5348837209302325,0.324,0.46511627906976744,0.12,0.2108837209302325,0.34511627906976744,28|45bf09d651|12ef07ea76
ucr,094_UCR_Anomaly_NOISEBIDMC1_2500_5400_56,17,136,28,0.0,17,0.5882352941176471,0.19852941176470587,0.6470588235294118,0.3602941176470588,0.5882352941176471,0.20588235294117646,0.286764705882353,0.3823529411764706,28|33c49bde64|4b64d1c462
ucr,097_UCR_Anomaly_NOISEGP711MarkerLFM5z3_5,7,150,28,0.0,7,0.14285714285714285,0.18,0.2857142857142857,0.36,0.14285714285714285,0.18,-0.07428571428571429,-0.037142857142857144,28|7a4f1c285c|d860dd8b9b
ucr,099_UCR_Anomaly_NOISEInternalBleeding6_1,13,95,28,0.0,13,0.7692307692307693,0.14736842105263157,0.7692307692307693,0.28421052631578947,0.7692307692307693,0.15789473684210525,0.4850202429149798,0.6113360323886641,28|615818b332|fd7ac22422
ucr,102_UCR_Anomaly_NOISEMesoplodonDensirost,14,308,28,0.14285714285714285,12,0.6428571428571429,0.048701298701298704,0.6428571428571429,0.18506493506493507,0.6428571428571429,0.06493506493506493,0.45779220779220786,0.577922077922078,28|538358b02e|bb04ed4c0d
ucr,103_UCR_Anomaly_NOISETkeepThirdMARS_3500,10,140,28,0.0,10,0.5,0.20714285714285716,0.6,0.44285714285714284,0.5,0.2357142857142857,0.15714285714285714,0.2642857142857143,28|2db8eeff52|d4ec686fc2
ucr,104_UCR_Anomaly_NOISEapneaecg4_6000_1600,10,478,28,0.0,10,0.0,0.07322175732217573,0.0,0.27615062761506276,0.0,0.100418410041841,-0.27615062761506276,-0.100418410041841,28|1b4357b3c4|054152d729
ucr,105_UCR_Anomaly_NOISEgait3_24500_59900_6,41,459,28,0.12195121951219512,36,0.12195121951219512,0.0196078431372549,0.34146341463414637,0.2636165577342048,0.12195121951219512,0.034858387799564274,0.07784685689994159,0.08709283171263085,28|e2cd453f6e|037b455075
ucr,106_UCR_Anomaly_NOISEgaitHunt2_18500_312,45,500,28,0.022222222222222223,44,0.044444444444444446,0.044,0.4444444444444444,0.304,0.1111111111111111,0.08,0.14044444444444443,0.031111111111111103,28|3862956ada|0ce6799fe0
ucr,107_UCR_Anomaly_NOISEinsectEPG3_5200_700,7,124,28,0.0,7,0.2857142857142857,0.1774193548387097,0.2857142857142857,0.4032258064516129,0.2857142857142857,0.18548387096774194,-0.11751152073732718,0.10023041474654376,28|c0de42202e|f1f5629a1a
ucr,111_UCR_Anomaly_3sddb40_35000_46600_4690,23,500,28,0.0,23,0.9130434782608695,0.19,0.9565217391304348,0.474,0.9130434782608695,0.23,0.48252173913043483,0.6830434782608695,28|1704ff5d9e|f93d388e0d
ucr,114_UCR_Anomaly_CIMIS44AirTemperature2_4,5,102,28,0.0,5,0.8,0.049019607843137254,1.0,0.18627450980392157,0.8,0.058823529411764705,0.8137254901960784,0.7411764705882353,28|d92ab7eda8|f06b11ca88
ucr,115_UCR_Anomaly_CIMIS44AirTemperature3_4,6,98,28,0.0,6,0.6666666666666666,0.04081632653061224,0.6666666666666666,0.21428571428571427,0.6666666666666666,0.061224489795918366,0.45238095238095233,0.6054421768707483,28|9c61ba2012|491a1000e3
ucr,117_UCR_Anomaly_CIMIS44AirTemperature5_4,7,102,28,0.0,7,0.5714285714285714,0.049019607843137254,0.7142857142857143,0.19607843137254902,0.5714285714285714,0.058823529411764705,0.5182072829131653,0.5126050420168067,28|5847bcab8a|a6bb4af16f
ucr,121_UCR_Anomaly_ECG3_15000_16000_16100.t,10,374,28,0.1,9,0.1,0.008021390374331552,0.6,0.22994652406417113,0.2,0.026737967914438502,0.3700534759358288,0.1732620320855615,28|7920d86528|c7cc73b0e7
ucr,122_UCR_Anomaly_ECG3_8000_17000_17100.tx,10,374,28,0.4,6,0.4,0.008021390374331552,0.7,0.22994652406417113,0.5,0.026737967914438502,0.4700534759358288,0.4732620320855615,28|22a5acda39|3b1eaedb66
ucr,146_UCR_Anomaly_Lab2Cmac011215EPG2_5000_,8,374,28,0.0,8,0.25,0.0427807486631016,0.75,0.33689839572192515,0.5,0.07219251336898395,0.41310160427807485,0.42780748663101603,28|4ee24e9487|83ca5747f9
ucr,151_UCR_Anomaly_MesoplodonDensirostris_1,14,308,28,0.6428571428571429,5,0.5714285714285714,0.025974025974025976,0.7142857142857143,0.14285714285714285,0.7142857142857143,0.045454545454545456,0.5714285714285714,0.6688311688311689,28|4224c684f3|2e230324b7
ucr,154_UCR_Anomaly_PowerDemand3_16000_23405,9,374,28,0.0,9,0.0,0.07219251336898395,0.0,0.2887700534759358,0.0,0.09358288770053476,-0.2887700534759358,-0.09358288770053476,28|edd6c2fe02|48b3245c77
ucr,157_UCR_Anomaly_TkeepFirstMARS_3500_5365,5,142,28,0.0,5,0.0,0.14788732394366197,0.4,0.4225352112676056,0.0,0.14788732394366197,-0.022535211267605604,-0.14788732394366197,28|30cfe075a5|f0a9c2b7e9
ucr,160_UCR_Anomaly_TkeepThirdMARS_3500_4711,10,140,28,0.0,10,0.6,0.1,0.6,0.4357142857142857,0.6,0.12142857142857143,0.16428571428571426,0.47857142857142854,28|97a9b4f966|1d4358ceaf
ucr,164_UCR_Anomaly_apneaecg3_5000_11111_112,10,479,28,0.0,10,1.0,0.08350730688935282,1.0,0.33820459290187893,1.0,0.10855949895615867,0.6617954070981211,0.8914405010438413,28|d2a3f8e431|b00b837967
ucr,166_UCR_Anomaly_apneaecg_10000_12240_123,8,480,28,0.0,8,0.0,0.07708333333333334,0.25,0.35833333333333334,0.0,0.11041666666666666,-0.10833333333333334,-0.11041666666666666,28|8f0d559d04|0838b15caa
ucr,167_UCR_Anomaly_gait1_20000_38500_38800.,23,500,28,0.043478260869565216,22,0.34782608695652173,0.064,0.43478260869565216,0.28,0.43478260869565216,0.086,0.15478260869565214,0.34878260869565214,28|c26cf2aaaf|0a4888ba4e
ucr,168_UCR_Anomaly_gait2_22000_46500_46800.,23,500,28,0.0,23,0.30434782608695654,0.026,0.43478260869565216,0.204,0.34782608695652173,0.04,0.23078260869565217,0.30782608695652175,28|ff4486edac|9cbe2b45db
ucr,170_UCR_Anomaly_gaitHunt1_18500_33070_33,11,500,28,0.45454545454545453,6,0.7272727272727273,0.056,0.8181818181818182,0.244,0.8181818181818182,0.078,0.5741818181818182,0.7401818181818183,28|34a3c29436|bfc4734ab3
ucr,171_UCR_Anomaly_gaitHunt2_18500_31200_31,45,500,28,0.15555555555555556,38,0.4666666666666667,0.046,0.6,0.212,0.4888888888888889,0.07,0.388,0.41888888888888887,28|437b1f44b5|8d1c8adf62
ucr,173_UCR_Anomaly_insectEPG1_3000_7000_703,6,124,28,0.0,6,0.0,0.06451612903225806,0.0,0.33064516129032256,0.0,0.08064516129032258,-0.33064516129032256,-0.08064516129032258,28|0d4b207548|124b63cbe5
ucr,174_UCR_Anomaly_insectEPG2_3700_8000_802,5,119,28,0.0,5,1.0,0.058823529411764705,1.0,0.31932773109243695,1.0,0.07563025210084033,0.680672268907563,0.9243697478991597,28|cce8970971|40d552e2f9
ucr,181_UCR_Anomaly_park3m_60000_72150_72495,25,500,28,0.32,17,0.32,0.012,0.32,0.204,0.32,0.03,0.11600000000000002,0.29000000000000004,28|3596882b3d|fb768252b3
ucr,182_UCR_Anomaly_qtdbSel1005V_4000_12400_,29,450,28,0.0,29,0.10344827586206896,0.051111111111111114,0.2413793103448276,0.2822222222222222,0.10344827586206896,0.06666666666666667,-0.04084291187739461,0.0367816091954023,28|f6e605b39e|95c33d78b1
ucr,183_UCR_Anomaly_qtdbSel100MLII_4000_1340,29,374,28,0.0,29,0.06896551724137931,0.045454545454545456,0.20689655172413793,0.23529411764705882,0.06896551724137931,0.07219251336898395,-0.028397565922920892,-0.003226996127604645,28|b34f0cddb4|e1599ccd8a
ucr,195_UCR_Anomaly_sel840mECG1_17000_51370_,27,500,28,0.2222222222222222,21,0.18518518518518517,0.046,0.7037037037037037,0.37,0.18518518518518517,0.066,0.3337037037037037,0.11918518518518517,28|c6eb8bb82e|08bb4c7c9f
ucr,196_UCR_Anomaly_sel840mECG2_20000_49370_,27,473,28,0.14814814814814814,23,0.07407407407407407,0.0507399577167019,0.25925925925925924,0.34460887949260044,0.14814814814814814,0.07822410147991543,-0.0853496202333412,0.06992404666823271,28|f08057c60b|cfb501ea65
ucr,197_UCR_Anomaly_tiltAPB1_100000_114283_1,8,500,28,0.25,6,0.5,0.18,0.75,0.47,0.5,0.208,0.28,0.29200000000000004,28|5f0832e68b|560e3729f7
ucr,202_UCR_Anomaly_CHARISfive_10411_10998_1,6,500,28,0.0,6,0.8333333333333334,0.188,1.0,0.474,1.0,0.246,0.526,0.754,28|c2960eec7f|5f353ebd66
ucr,203_UCR_Anomaly_CHARISfive_10500_10995_1,6,500,28,0.0,6,0.16666666666666666,0.088,0.5,0.438,0.16666666666666666,0.14,0.062,0.026666666666666644,28|9d383e5359|320f9b166a
ucr,206_UCR_Anomaly_CHARISten_25130_29080_29,8,500,28,0.0,8,0.125,0.002,0.25,0.116,0.125,0.018,0.134,0.107,28|d5272a1a71|9c702c77d9
ucr,207_UCR_Anomaly_CHARISten_3165_26929_269,7,498,28,0.0,7,0.8571428571428571,0.24899598393574296,1.0,0.4718875502008032,0.8571428571428571,0.285140562248996,0.5281124497991968,0.5720022948938611,28|e9c4750520|ff8b36fd41
ucr,208_UCR_Anomaly_CHARISten_5130_27929_279,7,500,28,0.42857142857142855,4,0.0,0.042,0.2857142857142857,0.35,0.14285714285714285,0.086,-0.06428571428571428,0.056857142857142856,28|80ca768e99|8a966e7eeb
ucr,209_UCR_Anomaly_Fantasia_19000_26970_272,23,500,28,0.0,23,0.043478260869565216,0.12,0.30434782608695654,0.292,0.043478260869565216,0.144,0.01234782608695656,-0.10052173913043477,28|0403f90c31|cd54d8a8fa
ucr,210_UCR_Anomaly_Italianpowerdemand_36123,10,500,28,0.0,10,0.1,0.048,0.1,0.308,0.1,0.076,-0.208,0.024000000000000007,28|dc08e01bb3|58fd575fa8
ucr,211_UCR_Anomaly_Italianpowerdemand_38113,10,500,28,0.0,10,0.2,0.126,0.5,0.368,0.3,0.15,0.132,0.15,28|0812497b22|ff7fbc3f8f
ucr,212_UCR_Anomaly_Italianpowerdemand_8913_,6,374,28,0.0,6,0.16666666666666666,0.07219251336898395,0.16666666666666666,0.29411764705882354,0.16666666666666666,0.09358288770053476,-0.12745098039215688,0.0730837789661319,28|e5c740620a|4a5408ce9d
ucr,217_UCR_Anomaly_STAFFIIIDatabase_38211_1,45,500,28,0.17777777777777778,37,0.08888888888888889,0.056,0.4,0.28,0.13333333333333333,0.108,0.12,0.025333333333333333,28|cd6b77da05|d65c4243fe
ucr,221_UCR_Anomaly_STAFFIIIDatabase_45616_1,81,500,28,0.06172839506172839,76,0.1111111111111111,0.05,0.2839506172839506,0.258,0.1728395061728395,0.084,0.025950617283950594,0.08883950617283949,28|1ac542030d|91fe89db03
ucr,222_UCR_Anomaly_mit14046longtermecg_5612,35,500,28,0.0,35,0.37142857142857144,0.03,0.8857142857142857,0.264,0.5142857142857142,0.042,0.6217142857142857,0.47228571428571425,28|6e3c04cd4b|7a94243bc8
ucr,223_UCR_Anomaly_mit14046longtermecg_7412,35,500,28,0.0,35,0.7428571428571429,0.022,0.9714285714285714,0.368,0.8285714285714286,0.032,0.6034285714285714,0.7965714285714286,28|3002ff88b2|9d03811c3e
ucr,228_UCR_Anomaly_mit14134longtermecg_1136,6,500,28,0.5,3,0.3333333333333333,0.022,0.6666666666666666,0.266,0.5,0.062,0.4006666666666666,0.438,28|49c335304a|5367231a48
ucr,239_UCR_Anomaly_taichidbS0715Master_1900,8,500,28,0.0,8,1.0,0.028,1.0,0.076,1.0,0.038,0.924,0.962,28|5f533d8d05|b382561d3e
ucr,240_UCR_Anomaly_taichidbS0715Master_2400,10,500,28,0.4,6,0.0,0.002,0.2,0.048,0.0,0.012,0.15200000000000002,-0.012,28|745b8b1106|55ebc05e9c
ucr,242_UCR_Anomaly_tilt12744mtable_100000_1,21,500,28,0.0,21,0.5714285714285714,0.002,0.9047619047619048,0.258,0.7619047619047619,0.016,0.6467619047619048,0.7459047619047618,28|84011daf4e|45421b6e9e
ucr,244_UCR_Anomaly_tilt12754table_100013_10,21,500,28,0.0,21,0.23809523809523808,0.272,1.0,0.42,0.3333333333333333,0.296,0.5800000000000001,0.03733333333333333,28|83dfa90f54|86b8b9483b
ucr,247_UCR_Anomaly_tilt12755mtable_50211_12,9,500,28,0.0,9,0.6666666666666666,0.174,1.0,0.284,0.6666666666666666,0.188,0.716,0.47866666666666663,28|bffe966fcb|6bc7a0c653
ucr,248_UCR_Anomaly_weallwalk_2000_4702_4707,5,104,28,0.0,5,0.8,0.22115384615384615,1.0,0.47115384615384615,0.8,0.25961538461538464,0.5288461538461539,0.5403846153846155,28|fe43245818|f5c393a10a
ucr,249_UCR_Anomaly_weallwalk_2753_8285_8315,6,130,28,0.0,6,0.0,0.5153846153846153,0.16666666666666666,0.6153846153846154,0.0,0.5230769230769231,-0.4487179487179488,-0.5230769230769231,28|009d002c59|c8cdcadd32
ucr,250_UCR_Anomaly_weallwalk_2951_7290_7296,5,130,28,0.0,5,0.4,0.5076923076923077,0.4,0.6384615384615384,0.4,0.5230769230769231,-0.2384615384615384,-0.12307692307692308,28|d823ee5955|2ea33adf53
tsbad_u,228_MGAB_id_4_Synthetic_tr_25000_1st_389,37,495,28,0.0,37,0.13513513513513514,0.024242424242424242,0.32432432432432434,0.2383838383838384,0.13513513513513514,0.048484848484848485,0.08594048594048595,0.08665028665028665,28|c4abde2b49|06c4abb4fe
tsbad_u,229_MGAB_id_5_Synthetic_tr_25000_1st_330,31,491,28,0.16129032258064516,26,0.12903225806451613,0.02240325865580448,0.3548387096774194,0.2525458248472505,0.12903225806451613,0.04684317718940937,0.10229288483016885,0.08218908087510676,28|ed25b5df16|8ffb2b78c1
tsbad_u,230_MGAB_id_6_Synthetic_tr_25000_1st_424,40,495,28,0.075,37,0.05,0.03232323232323232,0.15,0.2545454545454545,0.05,0.06464646464646465,-0.10454545454545452,-0.014646464646464644,28|d1098ff5d6|20de9b4a0d
tsbad_u,302_Power_id_1_Facility_tr_7685_1st_7785,204,438,28,0.0,204,0.08333333333333333,0.14840182648401826,0.3333333333333333,0.4223744292237443,0.10294117647058823,0.1917808219178082,-0.08904109589041098,-0.08883964544721998,28|65a79e993c|545459ac65
tsbad_u,308_UCR_id_6_Facility_tr_20000_1st_56600,23,500,28,0.0,23,0.08695652173913043,0.132,0.4782608695652174,0.312,0.13043478260869565,0.15,0.1662608695652174,-0.019565217391304346,28|c60b161a04|afbac719e4
tsbad_u,314_UCR_id_12_HumanActivity_tr_16250_1st,23,500,28,0.0,23,0.0,0.03,0.21739130434782608,0.252,0.0,0.054,-0.03460869565217392,-0.054,28|13eb4c5a93|f676604386
tsbad_u,327_UCR_id_25_Medical_tr_15000_1st_51370,27,500,28,0.2222222222222222,21,0.18518518518518517,0.046,0.7037037037037037,0.37,0.18518518518518517,0.066,0.3337037037037037,0.11918518518518517,28|c6eb8bb82e|08bb4c7c9f
tsbad_u,345_UCR_id_43_Facility_tr_25000_1st_4463,21,500,28,0.0,21,0.6190476190476191,0.004,0.9047619047619048,0.268,0.7619047619047619,0.018,0.6367619047619048,0.7439047619047618,28|7020d37b88|b26845bbc9
tsbad_u,348_UCR_id_46_Facility_tr_9000_1st_12400,28,450,28,0.03571428571428571,27,0.0,0.051111111111111114,0.17857142857142858,0.28,0.0,0.06222222222222222,-0.10142857142857145,-0.06222222222222222,28|214f21d40b|370f800637
tsbad_u,368_UCR_id_66_Facility_tr_50000_1st_1257,45,500,28,0.4666666666666667,24,0.4444444444444444,0.026,0.8,0.268,0.5555555555555556,0.05,0.532,0.5055555555555555,28|6fe2f647a7|ad929285e5
tsbad_u,381_UCR_id_79_HumanActivity_tr_16000_1st,45,500,28,0.022222222222222223,44,0.044444444444444446,0.046,0.35555555555555557,0.296,0.1111111111111111,0.064,0.059555555555555584,0.047111111111111104,28|9f8fa32440|f8ee6e5f84
tsbad_u,416_UCR_id_114_Medical_tr_50000_1st_9120,35,500,28,0.0,35,0.34285714285714286,0.022,0.8857142857142857,0.272,0.4857142857142857,0.052,0.6137142857142857,0.4337142857142857,28|6e72e29e9a|0f4dc44fb9
tsbad_u,430_UCR_id_128_HumanActivity_tr_12500_1s,22,500,28,0.045454545454545456,21,0.0,0.03,0.09090909090909091,0.238,0.0,0.042,-0.14709090909090908,-0.042,28|6978d4d62d|fc9d7a26be
tsbad_u,433_UCR_id_131_Facility_tr_50000_1st_106,45,500,28,0.06666666666666667,42,0.08888888888888889,0.046,0.26666666666666666,0.238,0.15555555555555556,0.07,0.028666666666666674,0.08555555555555555,28|602be3714a|6103c8142a
tsbad_u,441_UCR_id_139_Facility_tr_7500_1st_1340,29,374,28,0.0,29,0.0,0.06149732620320856,0.06896551724137931,0.24331550802139038,0.0,0.07219251336898395,-0.17434999078001107,-0.07219251336898395,28|b6e6388e4b|4f780d440b
tsbad_u,461_UCR_id_159_Medical_tr_45096_1st_1312,35,500,28,0.0,35,0.7714285714285715,0.03,0.9714285714285714,0.372,0.8285714285714286,0.048,0.5994285714285714,0.7805714285714286,28|bad622c54f|d7fb7a9f2a
tsbad_u,497_UCR_id_195_Facility_tr_32372_1st_114,28,500,28,0.0,28,0.0,0.052,0.39285714285714285,0.352,0.10714285714285714,0.098,0.04085714285714287,0.009142857142857133,28|cd109e4b47|7f54bd1c81
tsbad_u,529_UCR_id_227_Facility_tr_19948_1st_520,43,500,28,0.0,43,0.4418604651162791,0.104,0.5581395348837209,0.332,0.5116279069767442,0.126,0.2261395348837209,0.3856279069767442,28|6073afcd9a|a91c74a068
tsbad_u,842_OPPORTUNITY_id_1_HumanActivity_tr_72,25,364,28,0.0,25,1.0,0.07417582417582418,1.0,0.33791208791208793,1.0,0.09615384615384616,0.6620879120879121,0.9038461538461539,28|21c574e878|aa1304956b
tsbad_u,848_OPPORTUNITY_id_7_HumanActivity_tr_14,30,215,28,0.0,30,0.9666666666666667,0.05581395348837209,0.9666666666666667,0.3209302325581395,0.9666666666666667,0.06511627906976744,0.6457364341085272,0.9015503875968992,28|7fe863e39c|fd54f5d5a3
tsbad_u,850_OPPORTUNITY_id_9_HumanActivity_tr_89,31,184,28,0.0,31,1.0,0.11956521739130435,1.0,0.34782608695652173,1.0,0.16847826086956522,0.6521739130434783,0.8315217391304348,28|9ad9445a43|4f6e2b58eb
tsbad_u,854_OPPORTUNITY_id_13_HumanActivity_tr_1,30,215,28,0.0,30,1.0,0.17674418604651163,1.0,0.30697674418604654,1.0,0.18604651162790697,0.6930232558139535,0.813953488372093,28|e684b662e2|b2a5af179e
tsbad_u,863_OPPORTUNITY_id_22_HumanActivity_tr_8,76,56,28,0.02631578947368421,74,1.0,0.05357142857142857,1.0,0.48214285714285715,1.0,0.05357142857142857,0.5178571428571428,0.9464285714285714,28|84b17fe913|4e4e6c7626
tsbad_u,867_OPPORTUNITY_id_26_HumanActivity_tr_8,76,56,28,0.0,76,0.9868421052631579,0.26785714285714285,0.9868421052631579,0.5,0.9868421052631579,0.26785714285714285,0.48684210526315785,0.718984962406015,28|dbc5a0818d|7a17779e98
tsbad_u,868_OPPORTUNITY_id_27_HumanActivity_tr_2,59,250,28,0.0,59,0.9830508474576272,0.104,1.0,0.256,0.9830508474576272,0.124,0.744,0.8590508474576272,28|f9207d0782|de45820ef6
adbench,14_glass,9,82,7,0.0,9,0.2222222222222222,0.06097560975609756,0.2222222222222222,0.07317073170731707,0.2222222222222222,0.06097560975609756,0.14905149051490513,0.16124661246612465,7|227b3a33cd|70cb50e7d4
adbench,18_Ionosphere,126,90,32,0.0,126,0.9523809523809523,0.17777777777777778,0.9603174603174603,0.3,0.9603174603174603,0.2,0.6603174603174604,0.7603174603174603,32|232a5494fa|f491edf537
adbench,19_landsat,1333,2041,36,0.10127531882970743,1198,0.07501875468867217,0.0102890739833415,0.15303825956489123,0.16413522782949536,0.09527381845461365,0.02449779519843214,-0.011096968264604129,0.07077602325618151,36|2522061e24|0426c2e79f
adbench,20_letter,100,600,32,0.01,99,0.12,0.02,0.31,0.13666666666666666,0.19,0.035,0.17333333333333334,0.155,32|49a05ded01|9844be5092
adbench,22_magic.gamma,6688,2400,10,0.3160885167464115,4574,0.09973086124401914,0.0025,0.4382476076555024,0.13416666666666666,0.295005980861244,0.045,0.30408094098883576,0.25000598086124404,10|4a09881ea8|575fcaf511
adbench,23_mammography,260,2400,6,0.5423076923076923,119,0.21153846153846154,0.0016666666666666668,0.6153846153846154,0.052083333333333336,0.41923076923076924,0.022916666666666665,0.563301282051282,0.3963141025641026,6|f9d0a63bb1|cd6970747b
adbench,25_musk,97,1186,166,0.0,97,1.0,0.06239460370994941,1.0,0.7917369308600337,1.0,0.10708263069139966,0.20826306913996628,0.8929173693086003,166|7961840c5c|4561633f9e
adbench,26_optdigits,150,2027,64,0.0,150,0.0,0.005426739023186976,0.04,0.11198815984213123,0.0,0.017760236803157376,-0.07198815984213122,-0.017760236803157376,64|37081c2337|c81ae7d1b3
adbench,27_PageBlocks,510,1954,10,0.24705882352941178,384,0.27058823529411763,0.0015353121801432957,0.8333333333333334,0.08904810644831115,0.5764705882352941,0.030706243602865915,0.7442852268850222,0.5457643446324282,10|0b7911305f|99b4eb976d
adbench,28_pendigits,156,2400,16,0.01282051282051282,154,0.038461538461538464,0.0008333333333333334,0.41025641025641024,0.0375,0.04487179487179487,0.004166666666666667,0.37275641025641026,0.040705128205128206,16|f890ac8303|278c6b581a
adbench,29_Pima,268,200,8,0.0,268,0.07462686567164178,0.015,0.2126865671641791,0.11,0.1455223880597015,0.045,0.10268656716417911,0.1005223880597015,8|82a0828992|83cababe3c
adbench,30_satellite,2036,1760,36,0.6149312377210217,784,0.5329076620825147,0.007954545454545454,0.6532416502946955,0.2028409090909091,0.5712180746561886,0.02784090909090909,0.45040074120378637,0.5433771655652795,36|0e45673e6e|8dd630975b
adbench,31_satimage-2,71,2293,36,0.971830985915493,2,0.9154929577464789,0.012211077191452245,0.9859154929577465,0.18054949847361534,0.9577464788732394,0.03009158307893589,0.8053659944841312,0.9276548957943035,36|c21f3edbbe|e98530d568
adbench,32_shuttle,3511,2400,9,1.0,0,0.9609797778410709,0.0025,1.0,0.055,1.0,0.03,0.945,0.97,9|213c8bfa02|aaf398ad76
adbench,35_SpamBase,1679,1012,57,0.0,1679,0.14413341274568195,0.024703557312252964,0.851697438951757,0.4041501976284585,0.2227516378796903,0.046442687747035576,0.4475472413232985,0.1763089501326547,57|c77cdf9579|f1f90a5f0c
adbench,36_speech,61,1450,400,0.0,61,0.2459016393442623,0.2772413793103448,0.9344262295081968,0.9482758620689655,0.26229508196721313,0.2889655172413793,-0.013849632560768765,-0.026670435274166182,400|b2a073be4a|eabddfb8a0
adbench,37_Stamps,31,124,9,0.0,31,0.6774193548387096,0.016129032258064516,0.8387096774193549,0.11290322580645161,0.7419354838709677,0.03225806451612903,0.7258064516129032,0.7096774193548387,9|fc9ee8792f|38c38d73d4
adbench,38_thyroid,93,1472,6,0.8279569892473119,16,0.46236559139784944,0.007472826086956522,0.978494623655914,0.08967391304347826,0.8494623655913979,0.04619565217391304,0.8888207106124357,0.8032667134174848,6|4746d71237|168ac8270f
adbench,39_vertebral,30,84,6,0.0,30,0.0,0.09523809523809523,0.03333333333333333,0.15476190476190477,0.0,0.10714285714285714,-0.12142857142857144,-0.10714285714285714,6|7d9505c5cb|e6a9c5e68f
adbench,40_vowels,50,563,12,0.18,41,0.14,0.037300177619893425,0.48,0.27708703374777977,0.24,0.08880994671403197,0.20291296625222022,0.15119005328596802,12|f904b243dd|e91c1dd34b
adbench,41_Waveform,100,1338,21,0.06,94,0.03,0.016442451420029897,0.38,0.3400597907324365,0.06,0.0687593423019432,0.03994020926756353,-0.008759342301943196,21|f6b39af10f|4778815f75
adbench,42_WBC,10,86,9,0.0,10,0.9,0.011627906976744186,1.0,0.11627906976744186,0.9,0.03488372093023256,0.8837209302325582,0.8651162790697675,9|17fdb52ef3|bb51f899aa
adbench,43_WDBC,10,143,30,0.0,10,1.0,0.1258741258741259,1.0,0.32867132867132864,1.0,0.13986013986013987,0.6713286713286714,0.8601398601398601,30|4390c4bad6|ee6bcff359
adbench,44_Wilt,257,1825,5,0.019455252918287938,252,0.0,0.0016438356164383563,0.038910505836575876,0.07945205479452055,0.027237354085603113,0.03671232876712329,-0.04054154895794468,-0.009474974681520178,5|7a3f7b312e|32ec5bba64
adbench,47_yeast,507,391,8,0.05325443786982249,480,0.023668639053254437,0.020460358056265986,0.15779092702169625,0.10485933503836317,0.09270216962524655,0.056265984654731455,0.05293159198333308,0.036436184970515095,8|5e9b1904d0|56181dc5f5
adbench,6_cardio,176,662,21,0.3352272727272727,117,0.7670454545454546,0.03172205438066465,0.9886363636363636,0.17371601208459214,0.9147727272727273,0.04229607250755287,0.8149203515517716,0.8724766547651744,21|4a7946921d|35eb007889
dami,Annthyroid,534,2400,21,0.08239700374531835,490,0.12734082397003746,0.0020833333333333333,0.49250936329588013,0.09166666666666666,0.20224719101123595,0.008333333333333333,0.40084269662921346,0.19391385767790262,21|4973adbe0d|4f8704b40d
dami,Arrhythmia,206,98,259,0.0,206,0.8689320388349514,0.46938775510204084,0.9805825242718447,0.7448979591836735,0.8980582524271845,0.5612244897959183,0.23568456508817115,0.3368337626312662,259|eff74b5fd5|f8f64ddbbd
dami,Cardiotocography,466,660,21,0.09227467811158799,423,0.2982832618025751,0.022727272727272728,0.572961373390558,0.12121212121212122,0.38197424892703863,0.048484848484848485,0.45174925217843676,0.33348940044219016,21|9c23cc4561|c16780a6f2
dami,HeartDisease,120,60,13,0.0,120,0.3,0.13333333333333333,0.43333333333333335,0.2,0.375,0.15,0.23333333333333334,0.225,13|9f18821879|4b237673c2
dami,InternetAds,368,640,1555,0.0,368,0.7472826086956522,0.0265625,0.967391304347826,0.8984375,0.8396739130434783,0.1140625,0.06895380434782605,0.7256114130434783,1555|f1e3e2ce4b|40bbc267cd
dami,PageBlocks,510,1954,10,0.24705882352941178,384,0.27058823529411763,0.0015353121801432957,0.8333333333333334,0.08904810644831115,0.5764705882352941,0.030706243602865915,0.7442852268850222,0.5457643446324282,10|2ce062c1f8|a9b763c04e
dami,Pima,268,200,8,0.0,268,0.07462686567164178,0.015,0.2126865671641791,0.11,0.1455223880597015,0.045,0.10268656716417911,0.1005223880597015,8|baf74f91e8|6f383e160d
dami,SpamBase,1679,1012,57,0.0,1679,0.148302561048243,0.025691699604743084,0.851697438951757,0.41205533596837945,0.22394282310899344,0.04841897233201581,0.4396421029833775,0.17552385077697763,57|d84b0b4c54|0b1606830c
dami,Stamps,31,124,9,0.0,31,0.6774193548387096,0.016129032258064516,0.8387096774193549,0.11290322580645161,0.7419354838709677,0.03225806451612903,0.7258064516129032,0.7096774193548387,9|d2ffb411dd|d29bf95019
dami,WBC,10,86,9,0.0,10,0.8,0.011627906976744186,1.0,0.11627906976744186,0.8,0.03488372093023256,0.8837209302325582,0.7651162790697675,9|25c1ae6d31|389293b4ad
dami,WDBC,10,143,30,0.0,10,0.8,0.1258741258741259,0.8,0.32867132867132864,0.8,0.13986013986013987,0.4713286713286714,0.6601398601398601,30|cb5de84788|1d098b94cf
dami,Waveform,100,1338,21,0.08,92,0.02,0.016442451420029897,0.42,0.3400597907324365,0.09,0.0687593423019432,0.07994020926756351,0.021240657698056803,21|d8e8f86c39|7da7800ae1
dami,Wilt,257,1825,5,0.019455252918287938,252,0.0,0.0016438356164383563,0.038910505836575876,0.07945205479452055,0.027237354085603113,0.03671232876712329,-0.04054154895794468,-0.009474974681520178,5|1d19441cd0|0e60b06835
tsbad_m,103_SVDB_id_20_Medical_tr_12167_1st_1226,630,2782,16,0.3412698412698413,415,0.10952380952380952,0.002156721782890007,0.37142857142857144,0.1430625449317038,0.2015873015873016,0.028396836808051763,0.22836602649686763,0.17319046477924982,16|999d926738|8b9d76384d
tsbad_m,188_Exathlon_id_15_Facility_tr_12538_1st,1043,1392,152,0.0,1043,0.9990412272291467,0.048132183908045974,1.0,0.5711206896551724,0.9990412272291467,0.0603448275862069,0.4288793103448276,0.9386963996429398,152|ed30b3b455|d8060dd897
tsbad_m,028_MITDB_id_10_Medical_tr_37500_1st_399,44,1852,16,0.22727272727272727,34,0.22727272727272727,0.01079913606911447,0.2727272727272727,0.22084233261339092,0.22727272727272727,0.05183585313174946,0.05188494011388178,0.1754368741409778,16|46c297b995|86dd153c0b
tsbad_m,156_SMAP_id_13_Sensor_tr_1173_1st_2750.c,8,58,200,0.0,8,0.875,0.0,0.875,0.0,0.875,0.0,0.875,0.875,200|21fc992c89|001c9bf9cd
tsbad_m,107_SVDB_id_24_Medical_tr_32805_1st_3290,605,2817,16,0.31735537190082647,413,0.20826446280991737,0.023784167554135604,0.4809917355371901,0.3049343272985445,0.36363636363636365,0.0979765708200213,0.17605740823864557,0.26565979281634233,16|695d7ebc3a|c5a559fd98
tsbad_m,113_SVDB_id_30_Medical_tr_4552_1st_4652.,858,2587,16,0.13986013986013987,738,0.47202797202797203,0.04097410127560881,0.7027972027972028,0.3343641283339776,0.5967365967365967,0.13335910320834943,0.3684330744632252,0.4633774935282473,16|82b96aa883|6898ddc555
tsbad_m,003_MSL_id_2_Sensor_tr_883_1st_1238.csv,22,44,440,0.0,22,0.9090909090909091,0.3181818181818182,0.9090909090909091,0.45454545454545453,0.9090909090909091,0.3181818181818182,0.45454545454545453,0.5909090909090908,440|12e2be71ba|6e9c719017
tsbad_m,147_SMAP_id_4_Sensor_tr_2160_1st_6449.cs,11,108,200,0.0,11,0.0,0.24074074074074073,0.09090909090909091,0.37037037037037035,0.0,0.24074074074074073,-0.2794612794612794,-0.24074074074074073,200|e5d2b4657f|9ae526c364
tsbad_m,049_GHL_id_18_Sensor_tr_50000_1st_109001,363,2500,152,0.0,363,0.2809917355371901,0.7072,0.6694214876033058,0.912,0.3168044077134986,0.708,-0.24257851239669426,-0.39119559228650136,152|c128a3cc33|7cb95f8afe
tsbad_m,057_SMD_id_1_Facility_tr_4529_1st_4629.c,72,283,304,0.0,72,0.8611111111111112,0.7137809187279152,0.9861111111111112,0.950530035335689,0.875,0.7279151943462897,0.03558107577542213,0.1470848056537103,304|c1a5020d39|6be69c21da
tsbad_m,079_LTDB_id_1_Medical_tr_3618_1st_3718.c,1385,747,16,0.18267148014440432,1132,0.6332129963898917,0.018741633199464525,0.7862815884476534,0.26238286479250333,0.6743682310469314,0.06961178045515395,0.52389872365515,0.6047564505917775,16|0d735c326a|8869da63df
tsbad_m,140_CATSv2_id_3_Sensor_tr_28307_1st_2840,1848,4633,136,0.0,1848,0.823051948051948,0.9214331966328513,0.9058441558441559,0.9915821282106626,0.827922077922078,0.9222965680984243,-0.08573797236650671,-0.09437449017634636,136|3babbe331d|dcb17f44a5
tsbad_m,025_MITDB_id_7_Medical_tr_37500_1st_8886,254,1851,16,0.7086614173228346,74,0.6811023622047244,0.015126958400864398,0.7834645669291339,0.22852512155591573,0.7244094488188977,0.06320907617504051,0.5549394453732182,0.6612003726438571,16|eb85b028a8|ae24a7fee8
tsbad_m,167_SMAP_id_24_Sensor_tr_2094_1st_5600.c,6,104,200,0.0,6,0.8333333333333334,1.0,0.8333333333333334,1.0,0.8333333333333334,1.0,-0.16666666666666663,-0.16666666666666663,200|bca0015f82|129353f941
tsbad_m,198_Exathlon_id_25_Facility_tr_12538_1st,1043,1392,152,0.0,1043,0.9990412272291467,0.048132183908045974,1.0,0.5711206896551724,0.9990412272291467,0.0603448275862069,0.4288793103448276,0.9386963996429398,152|ed30b3b455|d8060dd897
tsbad_m,045_GHL_id_14_Sensor_tr_50000_1st_85076.,118,2500,152,0.0,118,0.5932203389830508,0.6924,0.711864406779661,1.0,0.635593220338983,0.6932,-0.288135593220339,-0.057606779661017016,152|fd19402599|e05946ffa1
tsbad_m,160_SMAP_id_17_Sensor_tr_1832_1st_5300.c,32,91,200,0.0,32,0.625,0.10989010989010989,0.625,0.18681318681318682,0.625,0.12087912087912088,0.4381868131868132,0.5041208791208791,200|de5fe6452c|3d81e2fdb1
tsbad_m,171_SWaT_id_1_Sensor_tr_3749_1st_9522.cs,148,129,528,0.0,148,0.9932432432432432,1.0,1.0,1.0,0.9932432432432432,1.0,0.0,-0.006756756756756799,528|78018eb1b9|829e9e8c1d
tsbad_m,035_GHL_id_4_Sensor_tr_50000_1st_90001.c,181,2500,152,0.0,181,0.6740331491712708,0.8268,0.8011049723756906,0.8528,0.7237569060773481,0.8272,-0.05169502762430944,-0.10344309392265194,152|eb49ca4d78|6261d6c347
tsbad_m,174_Exathlon_id_1_Facility_tr_10766_1st_,349,538,144,0.0,349,1.0,0.1171003717472119,1.0,0.7788104089219331,1.0,0.12267657992565056,0.2211895910780669,0.8773234200743494,144|0b87cd1395|50b799f2c0
tsbad_m,014_MSL_id_13_Sensor_tr_1525_1st_4575.cs,16,76,440,0.0,16,0.875,0.6447368421052632,0.875,0.7236842105263158,0.875,0.6578947368421053,0.15131578947368418,0.2171052631578947,440|1666054cb3|2487286ade
tsbad_m,165_SMAP_id_22_Sensor_tr_2129_1st_5000.c,40,106,200,0.45,22,0.55,0.09433962264150944,0.55,0.1320754716981132,0.55,0.11320754716981132,0.41792452830188687,0.43679245283018875,200|79369282ee|eb1c6129b5
tsbad_m,021_MITDB_id_3_Medical_tr_50000_1st_5759,622,6095,16,0.13504823151125403,538,0.03697749196141479,0.002461033634126333,0.2861736334405145,0.20459392945036917,0.12379421221864952,0.043314191960623465,0.08157970399014533,0.08048002025802606,16|f46167d750|a746e84ab3
tsbad_m,097_SVDB_id_14_Medical_tr_1031_1st_1131.,2556,2359,16,0.029342723004694836,2481,0.5731611893583725,0.09325985587113184,0.6780125195618153,0.3878762187367529,0.6009389671361502,0.20050869012293346,0.2901363008250624,0.40043027701321676,16|204617619e|0eeccb6890
tsbad_m,141_CATSv2_id_4_Sensor_tr_41727_1st_4182,413,2378,136,0.09927360774818401,372,0.7966101694915254,0.5306980656013457,0.9007263922518159,0.8502943650126157,0.8062953995157385,0.5386879730866274,0.05043202723920026,0.26760742642911106,136|881b1cd545|0fbc1b5a24
tsbad_m,059_SMD_id_3_Facility_tr_757_1st_857.csv,59,279,304,0.0,59,0.9322033898305084,0.8172043010752689,1.0,0.974910394265233,0.9322033898305084,0.8279569892473119,0.02508960573476704,0.10424640058319656,304|e6887c099e|79e106cd9d
tsbad_m,115_PSM_id_1_Facility_tr_50000_1st_12987,1745,2170,200,0.0,1745,0.5020057306590258,0.4290322580645161,0.9300859598853868,0.8534562211981567,0.526647564469914,0.4447004608294931,0.07662973868723011,0.0819471036404209,200|48c8fcb34d|25e08e4ab5
tsbad_m,186_Exathlon_id_13_Facility_tr_10766_1st,349,538,248,0.0,349,1.0,0.48698884758364314,1.0,0.8810408921933085,1.0,0.4962825278810409,0.1189591078066915,0.5037174721189591,248|409bc7a630|e7d6d9c6c3
tsbad_m,190_Exathlon_id_17_Facility_tr_12538_1st,1043,1392,152,0.0,1043,0.9990412272291467,0.048132183908045974,1.0,0.5711206896551724,0.9990412272291467,0.0603448275862069,0.4288793103448276,0.9386963996429398,152|ed30b3b455|d8060dd897
tsbad_m,009_MSL_id_8_Sensor_tr_714_1st_1390.csv,6,35,440,0.0,6,0.6666666666666666,0.42857142857142855,0.6666666666666666,0.4857142857142857,0.6666666666666666,0.42857142857142855,0.18095238095238092,0.23809523809523808,440|aebbbccb55|02f8aaf6b0
tsbad_m,022_MITDB_id_4_Medical_tr_50000_1st_5425,927,3430,16,0.18878101402373246,752,0.11003236245954692,0.011370262390670554,0.5242718446601942,0.34169096209912536,0.29557713052858686,0.11224489795918367,0.1825808825610688,0.18333223256940318,16|a7709dd9f8|01c99f869e
tsbad_m,145_SMAP_id_2_Sensor_tr_2133_1st_5400.cs,43,106,200,0.0,43,0.5813953488372093,0.09433962264150944,0.6744186046511628,0.2169811320754717,0.5813953488372093,0.10377358490566038,0.45743747257569106,0.477621763931549,200|a934f49220|f001b7ff3f
tsbad_m,054_GHL_id_23_Sensor_tr_50000_1st_135001,246,2500,152,0.0,246,0.21138211382113822,0.708,0.6788617886178862,0.7728,0.2601626016260163,0.708,-0.09393821138211389,-0.4478373983739837,152|4e53215e54|26138ba8e0
tsbad_m,001_Genesis_id_1_Sensor_tr_4055_1st_1553,11,202,144,0.0,11,1.0,0.09900990099009901,1.0,0.45544554455445546,1.0,0.10891089108910891,0.5445544554455446,0.8910891089108911,144|3a834fcfdb|ecbf2e9a97
tsbad_m,098_SVDB_id_15_Medical_tr_500_1st_303.cs,1385,2732,16,0.3783393501805054,861,0.2584837545126354,0.005124450951683748,0.47942238267148013,0.19143484626647145,0.3574007220216607,0.04538799414348463,0.2879875364050087,0.312012727878176,16|6563fa3f1f|558f93cb6f
tsbad_m,080_LTDB_id_2_Medical_tr_500_1st_266.csv,1463,799,24,0.09774436090225563,1320,0.4278879015721121,0.07008760951188986,0.6801093643198907,0.392991239048811,0.504442925495557,0.13016270337922403,0.28711812527107966,0.374280222116333,24|f87ca1e4c2|8ddffed0b7
tsbad_m,048_GHL_id_17_Sensor_tr_50000_1st_154001,239,2500,152,0.0,239,0.7866108786610879,0.8384,0.7949790794979079,0.8596,0.7866108786610879,0.8384,-0.06462092050209212,-0.051789121338912114,152|96cb55af23|1d4ff7c30f
tsbad_m,164_SMAP_id_21_Sensor_tr_1976_1st_4200.c,7,98,200,0.14285714285714285,6,0.5714285714285714,0.07142857142857142,0.5714285714285714,0.15306122448979592,0.5714285714285714,0.08163265306122448,0.4183673469387755,0.4897959183673469,200|29298887ce|c37dfc4794
tsbad_m,168_SMAP_id_25_Sensor_tr_1998_1st_2098.c,19,106,200,0.42105263157894735,11,0.42105263157894735,0.02830188679245283,0.42105263157894735,0.10377358490566038,0.42105263157894735,0.02830188679245283,0.317279046673287,0.3927507447864945,200|1bf6769502|e6c32bcaa1
tsbad_m,047_GHL_id_16_Sensor_tr_50000_1st_77001.,183,2500,152,0.0,183,0.6612021857923497,0.904,0.6721311475409836,0.9216,0.6612021857923497,0.904,-0.2494688524590164,-0.24279781420765034,152|69db7f94cb|82ef86800e
tsbad_m,067_SMD_id_11_Facility_tr_1980_1st_2080.,101,237,304,0.0,101,0.9207920792079208,0.7383966244725738,0.9801980198019802,0.9113924050632911,0.9207920792079208,0.7426160337552743,0.06880561473868907,0.17817604545264654,304|8ae66319af|98fa31066e
tsbad_m,095_SVDB_id_12_Medical_tr_6264_1st_6364.,644,2752,16,0.3555900621118012,415,0.2453416149068323,0.007630813953488372,0.4782608695652174,0.13626453488372092,0.34627329192546585,0.027616279069767442,0.3419963346814965,0.3186570128556984,16|ca6e84ab92|1ff92f8c86
tsbad_m,106_SVDB_id_23_Medical_tr_37500_1st_1219,46,1828,16,0.6086956521739131,18,0.4782608695652174,0.00437636761487965,0.6521739130434783,0.1274617067833698,0.6086956521739131,0.026805251641137857,0.5247122062601085,0.5818904005327752,16|4332e609f7|de2c56e3b0
tsbad_m,149_SMAP_id_6_Sensor_tr_2128_1st_5000.cs,44,106,200,0.3181818181818182,30,0.5227272727272727,0.08490566037735849,0.5227272727272727,0.12264150943396226,0.5227272727272727,0.08490566037735849,0.40008576329331047,0.43782161234991424,200|c17a5d4fd2|09adda25a5
tsbad_m,053_GHL_id_22_Sensor_tr_50000_1st_126448,425,2500,152,0.0,425,0.2211764705882353,0.8836,0.5788235294117647,0.9168,0.25882352941176473,0.884,-0.3379764705882352,-0.6251764705882352,152|3a20a529b1|cb52f43196
tsbad_m,040_GHL_id_9_Sensor_tr_50000_1st_92001.c,157,2500,152,0.0,157,0.1464968152866242,0.8168,0.5031847133757962,0.9932,0.17834394904458598,0.8184,-0.4900152866242038,-0.6400560509554141,152|55b8b12930|93e99dd941
tsbad_m,046_GHL_id_15_Sensor_tr_50000_1st_156462,82,2500,152,0.0,82,0.12195121951219512,0.6664,0.3902439024390244,0.7784,0.14634146341463414,0.6676,-0.3881560975609756,-0.5212585365853658,152|739ee1fc89|80220f03c3
tsbad_m,101_SVDB_id_18_Medical_tr_1851_1st_1951.,1322,2647,16,0.510590015128593,647,0.45007564296520425,0.018511522478277295,0.6172465960665658,0.19418209293539856,0.5151285930408472,0.049867774839440875,0.4230645031311673,0.46526081820140636,16|f88879d6c5|5d11fd7d22
tsbad_m,153_SMAP_id_10_Sensor_tr_1840_1st_4030.c,7,92,200,0.0,7,0.5714285714285714,0.07608695652173914,0.5714285714285714,0.16304347826086957,0.5714285714285714,0.09782608695652174,0.40838509316770183,0.47360248447204967,200|ddec3529ad|c7b956fd7e
tsbad_m,099_SVDB_id_16_Medical_tr_1115_1st_1215.,1650,2708,16,0.6072727272727273,648,0.5054545454545455,0.004431314623338257,0.673939393939394,0.1584194977843427,0.5763636363636364,0.0310192023633678,0.5155198961550512,0.5453444340002687,16|acba087765|3819470378
tsbad_m,075_SMD_id_19_Facility_tr_564_1st_664.cs,102,282,304,0.0,102,0.9803921568627451,0.6879432624113475,0.9901960784313726,0.8546099290780141,0.9803921568627451,0.6914893617021277,0.13558614935335844,0.28890279516061734,304|8f2c2a80a4|789eefada3
tsbad_m,184_Exathlon_id_11_Facility_tr_11665_1st,195,582,144,0.0,195,1.0,0.20790378006872853,1.0,0.7096219931271478,1.0,0.21477663230240548,0.2903780068728522,0.7852233676975945,144|438b73a4f1|69b26484b5
tsbad_m,033_GHL_id_2_Sensor_tr_50000_1st_51001.c,123,2500,152,0.0,123,0.5528455284552846,0.6468,0.5853658536585366,1.0,0.5528455284552846,0.6484,-0.41463414634146345,-0.09555447154471541,152|abff7d6b88|6dbbec9810
tsbad_m,169_SMAP_id_26_Sensor_tr_1811_1st_4510.c,9,90,200,0.0,9,0.4444444444444444,0.0,0.4444444444444444,0.0,0.4444444444444444,0.0,0.4444444444444444,0.4444444444444444,200|ce6cd57864|75a417a7fc
tsbad_m,058_SMD_id_2_Facility_tr_1087_1st_1187.c,119,354,304,0.0,119,0.9915966386554622,0.3022598870056497,1.0,0.6299435028248588,0.9915966386554622,0.307909604519774,0.3700564971751412,0.6836870341356882,304|749b44a3ed|f5ea83eef4
tsbad_m,158_SMAP_id_15_Sensor_tr_2075_1st_5610.c,8,103,200,0.25,6,0.625,0.05825242718446602,0.625,0.0970873786407767,0.625,0.06796116504854369,0.5279126213592233,0.5570388349514563,200|9ec93e9229|ad1f1980b3
tsbad_m,092_SVDB_id_9_Medical_tr_2674_1st_2774.c,857,2511,16,0.6441073512252042,305,0.5612602100350058,0.009557945041816009,0.750291715285881,0.2178414974113899,0.646441073512252,0.07646356033452807,0.5324502178744911,0.5699775131777239,16|0328cedef9|361b0824f4
tsbad_m,076_SMD_id_20_Facility_tr_5925_1st_17580,14,296,304,0.0,14,0.9285714285714286,0.7162162162162162,1.0,0.902027027027027,0.9285714285714286,0.7195945945945946,0.09797297297297303,0.20897683397683398,304|51d1a122a7|d6ddf7427b
tsbad_m,172_SWaT_id_2_Sensor_tr_23700_1st_23800.,3239,4701,408,0.0,3239,0.9234331583822167,0.7866411401829398,0.9861068230935474,0.9727717506913423,0.924668107440568,0.8183365241437992,0.013335072402205106,0.10633158329676884,408|e234e00702|0615911de2
tsbad_m,065_SMD_id_9_Facility_tr_737_1st_837.csv,203,206,304,0.0,203,0.9113300492610837,0.42718446601941745,0.9901477832512315,0.912621359223301,0.9211822660098522,0.46116504854368934,0.07752642402793053,0.46001721746616286,304|1c9790e653|a4c97faf45
tsbad_m,074_SMD_id_18_Facility_tr_7174_1st_21230,23,358,304,0.0,23,0.9130434782608695,0.3463687150837989,1.0,0.7569832402234636,0.9130434782608695,0.3575418994413408,0.24301675977653636,0.5555015788195288,304|c3881d62fe|d0aaf04930
tsbad_m,133_OPPORTUNITY_id_5_HumanActivity_tr_17,30,86,1984,0.0,30,1.0,1.0,1.0,1.0,1.0,1.0,0.0,0.0,1984|84d180fd98|f5bb02c39d
tsbad_m,013_MSL_id_12_Sensor_tr_554_1st_1200.csv,5,27,440,0.0,5,1.0,0.2222222222222222,1.0,0.2222222222222222,1.0,0.2222222222222222,0.7777777777777778,0.7777777777777778,440|5d165a3dbf|5ea93efe51
tsbad_m,093_SVDB_id_10_Medical_tr_500_1st_37.csv,1723,2593,16,0.5658734764944864,748,0.5281485780615206,0.03856536829926726,0.73476494486361,0.3224064789818743,0.6018572257690076,0.10142691862707288,0.4123584658817357,0.5004303071419347,16|88d7b2aec2|38a9e0cc56
tsbad_m,041_GHL_id_10_Sensor_tr_50000_1st_57001.,124,2500,152,0.0,124,0.49193548387096775,0.8776,0.49193548387096775,0.8984,0.49193548387096775,0.8792,-0.4064645161290322,-0.38726451612903223,152|2691256e4a|909472be16
tsbad_m,073_SMD_id_17_Facility_tr_5926_1st_10620,35,293,304,0.0,35,0.9714285714285714,0.5187713310580204,1.0,0.8225255972696246,0.9714285714285714,0.5187713310580204,0.1774744027303754,0.452657240370551,304|e5d13d31a3|8c91357a0d
tsbad_m,182_Exathlon_id_9_Facility_tr_10766_1st_,349,538,248,0.0,349,1.0,0.48698884758364314,1.0,0.8810408921933085,1.0,0.4962825278810409,0.1189591078066915,0.5037174721189591,248|409bc7a630|e7d6d9c6c3
tsbad_m,162_SMAP_id_19_Sensor_tr_1908_1st_4690.c,6,94,200,0.0,6,0.6666666666666666,0.031914893617021274,0.6666666666666666,0.10638297872340426,0.6666666666666666,0.0425531914893617,0.5602836879432623,0.624113475177305,200|e7f07d7cdd|83f012fa71
tsbad_m,029_MITDB_id_11_Medical_tr_50000_1st_518,130,7476,16,0.6461538461538462,46,0.5846153846153846,0.00026752273943285177,0.676923076923077,0.15997859818084537,0.6153846153846154,0.027287319422150885,0.5169444787422316,0.5880972959624645,16|f0417a30fb|6aea946276
tsbad_m,129_OPPORTUNITY_id_1_HumanActivity_tr_18,53,308,1984,0.0,53,1.0,1.0,1.0,1.0,1.0,1.0,0.0,0.0,1984|42dba63504|121144f6cd
tsbad_m,044_GHL_id_13_Sensor_tr_50000_1st_145001,123,2500,152,0.0,123,0.5853658536585366,0.812,0.6097560975609756,0.8392,0.5934959349593496,0.8128,-0.22944390243902435,-0.21930406504065036,152|734ff1e0e2|b84b485d20
tsbad_m,077_SMD_id_21_Facility_tr_3026_1st_3126.,89,250,304,0.0,89,0.8876404494382022,0.596,0.9775280898876404,0.9,0.8876404494382022,0.604,0.07752808988764037,0.2836404494382022,304|ac8050637d|743be70317
tsbad_m,084_SVDB_id_1_Medical_tr_12973_1st_13073,312,2853,16,0.3141025641025641,214,0.20833333333333334,0.0003505082369435682,0.4326923076923077,0.15212057483350858,0.27564102564102566,0.029793200140203296,0.2805717328587991,0.24584782550082238,16|bf7e2cfbb0|570fdd77df
tsbad_m,148_SMAP_id_5_Sensor_tr_2011_1st_5060.cs,8,100,200,0.5,4,0.5,0.0,0.5,0.0,0.5,0.0,0.5,0.5,200|169a1756f2|79ffed3ddb
tsbad_m,008_MSL_id_7_Sensor_tr_656_1st_1630.csv,23,32,440,0.0,23,0.9565217391304348,0.5625,0.9565217391304348,0.59375,0.9565217391304348,0.5625,0.3627717391304348,0.3940217391304348,440|b6aa2355ef|04a83d9a61
tsbad_m,185_Exathlon_id_12_Facility_tr_11665_1st,195,582,144,0.0,195,1.0,0.20790378006872853,1.0,0.7096219931271478,1.0,0.21477663230240548,0.2903780068728522,0.7852233676975945,144|438b73a4f1|69b26484b5
tsbad_m,130_OPPORTUNITY_id_2_HumanActivity_tr_10,33,64,1984,0.0,33,1.0,1.0,1.0,1.0,1.0,1.0,0.0,0.0,1984|2216cdf5fd|3067f9bd02
tsbad_m,005_MSL_id_4_Sensor_tr_855_1st_2700.csv,9,36,440,0.0,9,0.2222222222222222,0.6388888888888888,0.6666666666666666,0.6944444444444444,0.6666666666666666,0.6388888888888888,-0.02777777777777779,0.02777777777777779,440|7aa5be2887|e82b1829fd
tsbad_m,012_MSL_id_11_Sensor_tr_539_1st_940.csv,11,26,440,0.0,11,1.0,0.6923076923076923,1.0,0.6923076923076923,1.0,0.6923076923076923,0.3076923076923077,0.3076923076923077,440|0c6795498a|14aefce2ac
tsbad_m,105_SVDB_id_22_Medical_tr_500_1st_417.cs,1072,1283,16,0.0625,1005,0.47388059701492535,0.04676539360872954,0.6893656716417911,0.2883865939204988,0.5830223880597015,0.11067809820732658,0.40097907772129227,0.472344289852375,16|b71bbbec8a|e268dbf4f2
tsbad_m,023_MITDB_id_5_Medical_tr_25000_1st_3691,33,1250,16,0.18181818181818182,27,0.5454545454545454,0.1352,0.7575757575757576,0.4648,0.696969696969697,0.1968,0.2927757575757576,0.500169696969697,16|6b12499113|3c9743dfe3
tsbad_m,042_GHL_id_11_Sensor_tr_50000_1st_150001,104,2500,152,0.0,104,0.22115384615384615,0.8308,0.5961538461538461,1.0,0.25,0.8312,-0.40384615384615385,-0.5812,152|8f4d5685e4|3a6e4bb898
tsbad_m,010_MSL_id_9_Sensor_tr_554_1st_1172.csv,8,27,440,0.0,8,0.5,0.2222222222222222,0.5,0.4444444444444444,0.5,0.25925925925925924,0.05555555555555558,0.24074074074074076,440|86b92ee5ea|ce3500074e
tsbad_m,183_Exathlon_id_10_Facility_tr_11665_1st,195,582,144,0.0,195,1.0,0.20790378006872853,1.0,0.7096219931271478,1.0,0.21477663230240548,0.2903780068728522,0.7852233676975945,144|438b73a4f1|69b26484b5
tsbad_m,135_OPPORTUNITY_id_7_HumanActivity_tr_20,59,256,1984,0.0,59,1.0,1.0,1.0,1.0,1.0,1.0,0.0,0.0,1984|89c613808d|91cf8c66ab
tsbad_m,195_Exathlon_id_22_Facility_tr_10766_1st,349,538,248,0.0,349,1.0,0.48698884758364314,1.0,0.8810408921933085,1.0,0.4962825278810409,0.1189591078066915,0.5037174721189591,248|409bc7a630|e7d6d9c6c3
tsbad_m,072_SMD_id_16_Facility_tr_7119_1st_15849,198,352,304,0.0,198,0.8686868686868687,0.3465909090909091,0.9545454545454546,0.6647727272727273,0.8737373737373737,0.35795454545454547,0.2897727272727273,0.5157828282828283,304|c45d41fd07|148d344ffb
tsbad_m,142_CATSv2_id_5_Sensor_tr_30704_1st_3080,1119,4159,136,0.0,1119,0.45576407506702415,0.028372204856936763,0.7345844504021448,0.5662418850685261,0.46559428060768543,0.044241404183698006,0.1683425653336187,0.42135287642398744,136|9fac085f00|0ae0f18190
tsbad_m,139_CATSv2_id_2_Sensor_tr_5592_1st_5692.,451,2239,136,0.07760532150776053,416,0.5898004434589801,0.5055828494863779,0.8381374722838137,0.6985261277355963,0.5920177383592018,0.5087092451987495,0.13961134454821744,0.0833084931604523,136|c7a51c081f|1aff6f2cae
tsbad_m,109_SVDB_id_26_Medical_tr_1038_1st_1138.,1958,2306,16,0.3345250255362615,1303,0.23442288049029622,0.015177797051170859,0.5296220633299284,0.16045099739809193,0.3406537282941777,0.04553339115351258,0.3691710659318365,0.29512033714066516,16|9212c2d686|95d1332162
tsbad_m,166_SMAP_id_23_Sensor_tr_1113_1st_1890.c,6,55,200,0.0,6,1.0,0.4727272727272727,1.0,0.509090909090909,1.0,0.4909090909090909,0.49090909090909096,0.509090909090909,200|080cd300a6|b5bd0a04d7
tsbad_m,062_SMD_id_6_Facility_tr_7180_1st_15131.,149,354,304,0.0,149,0.9798657718120806,0.655367231638418,1.0,0.9858757062146892,0.9865771812080537,0.6751412429378532,0.01412429378531077,0.31143593827020055,304|06299fb836|8272ff89e1
tsbad_m,085_SVDB_id_2_Medical_tr_50000_1st_54982,759,2674,16,0.33201581027667987,507,0.24110671936758893,0.004113687359760658,0.49670619235836627,0.13462976813762154,0.3227931488801054,0.02804786836200449,0.3620764242207447,0.2947452805181009,16|af52cf881f|20f91c74a4
tsbad_m,091_SVDB_id_8_Medical_tr_500_1st_126.csv,1432,2362,16,0.4448324022346369,795,0.39455307262569833,0.02243861134631668,0.74231843575419,0.3560541913632515,0.5314245810055865,0.09652836579170194,0.3862642443909385,0.4348962152138846,16|a29a83258c|1b5d98eb39
tsbad_m,051_GHL_id_20_Sensor_tr_50000_1st_75110.,78,2500,152,0.0,78,0.28205128205128205,0.912,0.7692307692307693,0.9324,0.3333333333333333,0.9124,-0.16316923076923073,-0.5790666666666666,152|44d7315f75|d3790dd3e6
tsbad_m,068_SMD_id_12_Facility_tr_1099_1st_1199.,34,347,304,0.0,34,0.9117647058823529,0.6023054755043228,0.9705882352941176,0.8962536023054755,0.9411764705882353,0.6051873198847262,0.07433463298864218,0.3359891507035091,304|2c27b81825|4a73403fb9
tsbad_m,096_SVDB_id_13_Medical_tr_500_1st_444.cs,656,2711,16,0.3490853658536585,427,0.22713414634146342,0.005164146071560309,0.5030487804878049,0.19291774253043156,0.34603658536585363,0.03909996311324235,0.3101310379573733,0.3069366222526113,16|c11d4e65d3|8ba28bce92
tsbad_m,170_SMAP_id_27_Sensor_tr_2160_1st_4690.c,9,108,200,0.2222222222222222,7,0.4444444444444444,0.05555555555555555,0.5555555555555556,0.12037037037037036,0.4444444444444444,0.06481481481481481,0.43518518518518523,0.3796296296296296,200|075e5bc415|887a5b9811
tsbad_m,086_SVDB_id_3_Medical_tr_533_1st_633.csv,1468,2636,16,0.38419618528610355,904,0.3017711171662125,0.03148710166919575,0.555858310626703,0.2735204855842185,0.420299727520436,0.07473444613050076,0.2823378250424845,0.34556528138993525,16|ff46ecfcf2|58581c5d67
tsbad_m,189_Exathlon_id_16_Facility_tr_11663_1st,196,582,96,0.0,196,0.9897959183673469,0.520618556701031,1.0,0.9192439862542955,0.9948979591836735,0.5309278350515464,0.08075601374570451,0.4639701241321271,96|f0dd38f50e|7ed05591b5
tsbad_m,151_SMAP_id_8_Sensor_tr_1971_1st_4870.cs,9,98,200,0.0,9,0.6666666666666666,0.05102040816326531,0.7777777777777778,0.15306122448979592,0.6666666666666666,0.07142857142857142,0.6247165532879819,0.5952380952380952,200|6e1b8dbede|4cd115cfa3
tsbad_m,150_SMAP_id_7_Sensor_tr_2077_1st_5394.cs,21,104,200,0.0,21,0.7619047619047619,0.09615384615384616,0.7619047619047619,0.18269230769230768,0.7619047619047619,0.125,0.5792124542124542,0.6369047619047619,200|3e98017b91|c06c05af99
tsbad_m,055_GHL_id_24_Sensor_tr_50000_1st_118124,67,2500,152,0.0,67,0.3283582089552239,0.6568,0.8805970149253731,0.8728,0.3880597014925373,0.6576,0.0077970149253731025,-0.26954029850746264,152|71e5c2931f|bc62c0d6a0
tsbad_m,196_Exathlon_id_23_Facility_tr_11665_1st,195,582,144,0.0,195,1.0,0.20790378006872853,1.0,0.7096219931271478,1.0,0.21477663230240548,0.2903780068728522,0.7852233676975945,144|438b73a4f1|69b26484b5
tsbad_m,154_SMAP_id_11_Sensor_tr_2117_1st_4770.c,11,106,200,0.0,11,0.5454545454545454,0.9339622641509434,0.5454545454545454,0.9811320754716981,0.5454545454545454,0.9339622641509434,-0.4356775300171527,-0.388507718696398,200|51987c050c|92746090e7
tsbad_m,078_SMD_id_22_Facility_tr_500_1st_326.cs,120,283,304,0.0,120,0.975,0.9823321554770318,0.9833333333333333,1.0,0.975,0.9823321554770318,-0.01666666666666672,-0.00733215547703181,304|8272e43c90|67b591c241
tsbad_m,032_GHL_id_1_Sensor_tr_50000_1st_65001.c,123,2500,152,0.0,123,0.5528455284552846,0.7264,0.6747967479674797,0.9148,0.6341463414634146,0.7264,-0.24000325203252026,-0.0922536585365854,152|0676940b84|cb90484ee5
tsbad_m,112_SVDB_id_29_Medical_tr_8226_1st_8326.,229,2828,16,0.0,229,0.06986899563318777,0.08345120226308345,0.3231441048034934,0.3094059405940594,0.1615720524017467,0.15099009900990099,0.013738164209434023,0.010581953391845728,16|556b0afa51|5edb223451
tsbad_m,155_SMAP_id_12_Sensor_tr_1907_1st_4800.c,7,94,200,0.0,7,0.8571428571428571,0.06382978723404255,0.8571428571428571,0.13829787234042554,0.8571428571428571,0.06382978723404255,0.7188449848024315,0.7933130699088146,200|3a05d3a32f|c7ec64eb75
tsbad_m,138_CATSv2_id_1_Sensor_tr_16568_1st_1666,137,1179,136,0.0,137,0.9343065693430657,0.90754877014419,0.9708029197080292,0.9541984732824428,0.9416058394160584,0.9083969465648855,0.01660444642558645,0.0332088928511729,136|4efacdab71|323b9e6157
tsbad_m,131_OPPORTUNITY_id_3_HumanActivity_tr_70,24,350,1984,0.0,24,1.0,0.9857142857142858,1.0,1.0,1.0,0.9857142857142858,0.0,0.014285714285714235,1984|dbed45919d|6e65135f95
tsbad_m,108_SVDB_id_25_Medical_tr_1238_1st_1338.,565,2795,16,0.2743362831858407,410,0.6407079646017699,0.01144901610017889,0.8371681415929203,0.3323792486583184,0.7221238938053097,0.07871198568872988,0.5047888929346018,0.6434119081165799,16|bcc96dc7f7|28e54e411e
tsbad_m,100_SVDB_id_17_Medical_tr_17803_1st_1790,343,1552,16,0.6763848396501457,111,0.5743440233236151,0.007087628865979381,0.7201166180758017,0.1333762886597938,0.6559766763848397,0.026417525773195876,0.586740329416008,0.6295591506116438,16|9610014d78|9eabe4cb95
tsbad_m,194_Exathlon_id_21_Facility_tr_6985_1st_,323,453,96,0.0,323,1.0,0.41721854304635764,1.0,0.7373068432671082,1.0,0.4282560706401766,0.26269315673289184,0.5717439293598234,96|a145b6fc30|72fe451e62
tsbad_m,081_LTDB_id_3_Medical_tr_500_1st_26.csv,2590,663,16,0.1969111969111969,2080,0.3193050193050193,0.0392156862745098,0.5513513513513514,0.2383107088989442,0.4038610038610039,0.06787330316742081,0.31304064245240715,0.3359877006935831,16|16718da659|230623d9ee
tsbad_m,043_GHL_id_12_Sensor_tr_39938_1st_40038.,70,2500,152,0.0,70,1.0,0.8776,1.0,0.8936,1.0,0.8776,0.10640000000000005,0.12239999999999995,152|5c759b8430|a822bb59e0
tsbad_m,061_SMD_id_5_Facility_tr_7176_1st_15144.,110,335,304,0.0,110,0.9363636363636364,0.844776119402985,1.0,0.9462686567164179,0.9363636363636364,0.8507462686567164,0.05373134328358209,0.08561736770691997,304|e8ad21dddc|ac49bc878e
tsbad_m,036_GHL_id_5_Sensor_tr_50000_1st_67147.c,151,2500,152,0.0,151,0.17218543046357615,0.8744,0.5033112582781457,0.8936,0.1986754966887417,0.8748,-0.39028874172185424,-0.6761245033112583,152|8bb2f3cf88|d826142bd3
tsbad_m,181_Exathlon_id_8_Facility_tr_11663_1st_,196,582,96,0.0,196,0.9897959183673469,0.520618556701031,1.0,0.9192439862542955,0.9948979591836735,0.5309278350515464,0.08075601374570451,0.4639701241321271,96|f0dd38f50e|7ed05591b5
tsbad_m,027_MITDB_id_9_Medical_tr_25000_1st_5225,31,1250,16,0.25806451612903225,23,0.06451612903225806,0.0072,0.25806451612903225,0.2336,0.12903225806451613,0.0392,0.02446451612903225,0.08983225806451613,16|df388b4462|1ded10c411
tsbad_m,007_MSL_id_6_Sensor_tr_980_1st_3550.csv,14,48,440,0.0,14,0.6428571428571429,0.3958333333333333,0.7857142857142857,0.5416666666666666,0.7857142857142857,0.3958333333333333,0.24404761904761907,0.3898809523809524,440|bc2f56114e|0de0e8bb62
tsbad_m,177_Exathlon_id_4_Facility_tr_11665_1st_,195,582,144,0.0,195,1.0,0.20790378006872853,1.0,0.7096219931271478,1.0,0.21477663230240548,0.2903780068728522,0.7852233676975945,144|438b73a4f1|69b26484b5
tsbad_m,200_Exathlon_id_27_Facility_tr_10766_1st,349,538,248,0.0,349,1.0,0.48698884758364314,1.0,0.8810408921933085,1.0,0.4962825278810409,0.1189591078066915,0.5037174721189591,248|409bc7a630|e7d6d9c6c3
tsbad_m,011_MSL_id_10_Sensor_tr_1525_1st_4590.cs,13,76,440,0.0,13,0.9230769230769231,0.6447368421052632,0.9230769230769231,0.7236842105263158,0.9230769230769231,0.6578947368421053,0.1993927125506073,0.2651821862348178,440|2bf8aa8793|490b4b5ba1
tsbad_m,199_Exathlon_id_26_Facility_tr_12538_1st,1043,1392,152,0.0,1043,0.9990412272291467,0.048132183908045974,1.0,0.5711206896551724,0.9990412272291467,0.0603448275862069,0.4288793103448276,0.9386963996429398,152|ed30b3b455|d8060dd897
tsbad_m,050_GHL_id_19_Sensor_tr_43750_1st_55001.,75,2186,152,0.0,75,0.05333333333333334,0.9222323879231473,0.26666666666666666,0.9332113449222323,0.05333333333333334,0.9226898444647759,-0.6665446782555657,-0.8693565111314425,152|73c199ba60|616bc83dbf
tsbad_m,056_GHL_id_25_Sensor_tr_50000_1st_105568,208,2500,152,0.0,208,0.5817307692307693,0.8344,0.6009615384615384,0.9948,0.5817307692307693,0.8348,-0.3938384615384616,-0.2530692307692307,152|1e311269f1|8ef6e1ddaa
tsbad_m,090_SVDB_id_7_Medical_tr_12157_1st_12257,225,624,16,0.6888888888888889,70,0.6355555555555555,0.014423076923076924,0.7777777777777778,0.14262820512820512,0.7288888888888889,0.04487179487179487,0.6351495726495726,0.6840170940170941,16|fa2d7ffc58|87e3ebbd1d
tsbad_m,197_Exathlon_id_24_Facility_tr_10766_1st,349,538,248,0.0,349,1.0,0.48698884758364314,1.0,0.8810408921933085,1.0,0.4962825278810409,0.1189591078066915,0.5037174721189591,248|409bc7a630|e7d6d9c6c3
tsbad_m,144_SMAP_id_1_Sensor_tr_2052_1st_5300.cs,74,102,200,0.0,74,0.972972972972973,0.6274509803921569,0.972972972972973,0.6764705882352942,0.972972972972973,0.6372549019607843,0.29650238473767887,0.33571807101218876,200|0b81e17027|68cbcc4f91
tsbad_m,024_MITDB_id_6_Medical_tr_50000_1st_5811,26,2500,16,0.34615384615384615,17,0.3076923076923077,0.0096,0.6923076923076923,0.2288,0.6153846153846154,0.0448,0.4635076923076923,0.5705846153846155,16|ac4813a8b6|b24dad0b66
tsbad_m,175_Exathlon_id_2_Facility_tr_10684_1st_,250,582,64,0.0,250,0.992,0.05670103092783505,0.996,0.4329896907216495,0.992,0.061855670103092786,0.5630103092783505,0.9301443298969072,64|ca8f96e7a7|52bdff9a78
tsbad_m,020_MITDB_id_2_Medical_tr_50000_1st_5231,74,8124,16,0.2972972972972973,52,0.20270270270270271,0.0002461841457410143,0.32432432432432434,0.09896602658788774,0.2972972972972973,0.014771048744460856,0.22535829773643662,0.2825262485528365,16|8897b4369b|94540baa51
tsbad_m,038_GHL_id_7_Sensor_tr_50000_1st_100001.,113,2500,152,0.0,113,0.20353982300884957,0.7404,0.5663716814159292,0.9428,0.23893805309734514,0.7404,-0.3764283185840708,-0.5014619469026548,152|10f8be5421|17d7e8dfd2
tsbad_m,136_OPPORTUNITY_id_8_HumanActivity_tr_14,47,336,1984,0.0,47,1.0,1.0,1.0,1.0,1.0,1.0,0.0,0.0,1984|d596a77dde|0b836dd0ca
tsbad_m,187_Exathlon_id_14_Facility_tr_6193_1st_,388,518,128,0.0,388,0.9948453608247423,1.0,1.0,1.0,0.9948453608247423,1.0,0.0,-0.005154639175257714,128|8d9ff8dcdf|ab28d83d50
tsbad_m,004_MSL_id_3_Sensor_tr_530_1st_630.csv,11,30,440,0.0,11,0.9090909090909091,0.4,1.0,0.4,1.0,0.4,0.6,0.6,440|9ce9492c34|c0d91feff7
tsbad_m,070_SMD_id_14_Facility_tr_1070_1st_1170.,54,358,304,0.0,54,0.8703703703703703,0.2709497206703911,1.0,0.6201117318435754,0.8703703703703703,0.2737430167597765,0.3798882681564246,0.5966273536105938,304|2cd98b153b|4dc5d5f2e9
tsbad_m,071_SMD_id_15_Facility_tr_1109_1st_1209.,35,346,304,0.0,35,0.9428571428571428,0.5173410404624278,1.0,0.9219653179190751,0.9428571428571428,0.5202312138728323,0.0780346820809249,0.4226259289843105,304|30c08db903|5941dc6576
tsbad_m,163_SMAP_id_20_Sensor_tr_2051_1st_4575.c,16,102,200,0.0,16,0.625,0.19607843137254902,0.6875,0.3333333333333333,0.625,0.20588235294117646,0.3541666666666667,0.41911764705882354,200|2f43c7db12|f738befd61
tsbad_m,143_CATSv2_id_6_Sensor_tr_50000_1st_6023,277,2417,136,0.0,277,0.7942238267148014,0.6342573438146463,0.927797833935018,0.8258171286719074,0.8086642599277978,0.6400496483243691,0.10198070526311065,0.16861461160342872,136|9d9703cf50|90deeeccd1
tsbad_m,052_GHL_id_21_Sensor_tr_50000_1st_98001.,64,2500,152,0.0,64,0.34375,0.9192,0.90625,0.9496,0.875,0.9204,-0.04335,-0.045399999999999996,152|6c06a82adb|6a2fd4eba4
tsbad_m,066_SMD_id_10_Facility_tr_2634_1st_2734.,92,234,304,0.0,92,0.9891304347826086,0.9829059829059829,0.9891304347826086,1.0,0.9891304347826086,0.9829059829059829,-0.010869565217391353,0.006224451876625792,304|020c2b323a|99bf411406
tsbad_m,039_GHL_id_8_Sensor_tr_50000_1st_63030.c,77,2500,152,0.0,77,0.3116883116883117,0.7408,0.7792207792207793,1.0,0.35064935064935066,0.7416,-0.22077922077922074,-0.3909506493506494,152|83922d8c99|7b95c56931
tsbad_m,134_OPPORTUNITY_id_6_HumanActivity_tr_14,26,187,1984,0.0,26,1.0,1.0,1.0,1.0,1.0,1.0,0.0,0.0,1984|686c1ed7c2|7549668bf9
tsbad_m,159_SMAP_id_16_Sensor_tr_1757_1st_2650.c,28,88,200,0.07142857142857142,26,0.75,0.0,0.75,0.011363636363636364,0.75,0.011363636363636364,0.7386363636363636,0.7386363636363636,200|7ea0d1c310|b8eb9e1c8a
tsbad_m,157_SMAP_id_14_Sensor_tr_2126_1st_5000.c,27,106,200,0.25925925925925924,20,0.7777777777777778,0.10377358490566038,0.8148148148148148,0.14150943396226415,0.7777777777777778,0.11320754716981132,0.6733053808525507,0.6645702306079665,200|402a03782e|df769f6535
tsbad_m,031_MITDB_id_13_Medical_tr_50000_1st_794,723,5447,16,0.0636237897648686,677,0.02627939142461964,0.01689003120984028,0.24481327800829875,0.18064989902698733,0.09266943291839558,0.05232237929135304,0.06416337898131141,0.04034705362704254,16|08ccebc5db|5e20546b73
tsbad_m,006_MSL_id_5_Sensor_tr_1150_1st_1250.csv,39,62,440,0.0,39,0.4358974358974359,0.04838709677419355,0.5384615384615384,0.06451612903225806,0.4358974358974359,0.04838709677419355,0.4739454094292804,0.38751033912324234,440|2802a3cab8|b5b5d0e452
tsbad_m,146_SMAP_id_3_Sensor_tr_2128_1st_5000.cs,27,106,200,0.0,27,0.7777777777777778,0.04716981132075472,0.8148148148148148,0.09433962264150944,0.7777777777777778,0.07547169811320754,0.7204751921733054,0.7023060796645703,200|c1f381d39f|fbee370c3f
tsbad_m,193_Exathlon_id_20_Facility_tr_8898_1st_,259,494,56,0.0,259,1.0,0.038461538461538464,1.0,0.4048582995951417,1.0,0.06477732793522267,0.5951417004048583,0.9352226720647774,56|908a7a21ac|01fdfc27b9
tsbad_m,176_Exathlon_id_3_Facility_tr_10766_1st_,349,538,248,0.0,349,1.0,0.48698884758364314,1.0,0.8810408921933085,1.0,0.4962825278810409,0.1189591078066915,0.5037174721189591,248|409bc7a630|e7d6d9c6c3
tsbad_m,015_MSL_id_14_Sensor_tr_575_1st_1250.csv,22,28,440,0.0,22,0.9545454545454546,0.6071428571428571,0.9545454545454546,0.7142857142857143,0.9545454545454546,0.6785714285714286,0.24025974025974028,0.275974025974026,440|e3fab1fc83|8de20f272a
tsbad_m,063_SMD_id_7_Facility_tr_5923_1st_6506.c,123,282,304,0.0,123,0.8211382113821138,0.3829787234042553,0.959349593495935,0.8723404255319149,0.8211382113821138,0.3829787234042553,0.08700916796402003,0.43815948797785853,304|9e397088db|c6ea5817a8
tsbad_m,191_Exathlon_id_18_Facility_tr_11665_1st,195,582,144,0.0,195,1.0,0.20790378006872853,1.0,0.7096219931271478,1.0,0.21477663230240548,0.2903780068728522,0.7852233676975945,144|438b73a4f1|69b26484b5
tsbad_m,180_Exathlon_id_7_Facility_tr_10766_1st_,349,538,248,0.0,349,1.0,0.48698884758364314,1.0,0.8810408921933085,1.0,0.4962825278810409,0.1189591078066915,0.5037174721189591,248|409bc7a630|e7d6d9c6c3
tsbad_m,173_GECCO_id_1_Sensor_tr_16165_1st_16265,311,1690,72,0.0,311,0.8167202572347267,0.6568047337278107,0.9935691318327974,0.9467455621301775,0.8327974276527331,0.6857988165680473,0.046823569702619916,0.14699861108468582,72|677b1aed5d|9ccb6ac431
tsbad_m,102_SVDB_id_19_Medical_tr_50000_1st_1073,860,2439,16,0.1697674418604651,714,0.29069767441860467,0.002050020500205002,0.6476744186046511,0.22755227552275523,0.5116279069767442,0.05740057400574006,0.4201221430818959,0.45422733297100415,16|f484a0fed6|c6aeebcd59
tsbad_m,178_Exathlon_id_5_Facility_tr_12538_1st_,1043,1392,152,0.0,1043,0.9990412272291467,0.048132183908045974,1.0,0.5711206896551724,0.9990412272291467,0.0603448275862069,0.4288793103448276,0.9386963996429398,152|ed30b3b455|d8060dd897
tsbad_m,088_SVDB_id_5_Medical_tr_500_1st_168.csv,2175,2419,16,0.07632183908045977,2009,0.17655172413793102,0.12525837122778008,0.3696551724137931,0.36047953699875984,0.22620689655172413,0.18478710210830923,0.009175635415033245,0.0414197944434149,16|0f30432f2a|a12cbb8751
tsbad_m,030_MITDB_id_12_Medical_tr_50000_1st_845,1908,7314,16,0.030922431865828093,1849,0.0047169811320754715,0.010801203171998907,0.24109014675052412,0.2094613070823079,0.05293501048218029,0.07068635493573967,0.031628839668216224,-0.01775134445355938,16|7f4755bf7f|04c2e40026
tsbad_m,152_SMAP_id_9_Sensor_tr_2073_1st_5600.cs,24,103,200,0.0,24,0.20833333333333334,0.07766990291262135,0.25,0.0970873786407767,0.25,0.08737864077669903,0.1529126213592233,0.16262135922330095,200|e569320fdc|c4cd770c62
tsbad_m,087_SVDB_id_4_Medical_tr_5421_1st_5521.c,1128,2636,16,0.5859929078014184,467,0.5540780141843972,0.0037936267071320183,0.6959219858156028,0.23975720789074356,0.5904255319148937,0.04817905918057663,0.45616477792485927,0.542246472734317,16|2cd70e985e|88b67419a9
tsbad_m,179_Exathlon_id_6_Facility_tr_11665_1st_,195,582,248,0.0,195,1.0,0.47766323024054985,1.0,0.9192439862542955,1.0,0.48281786941580757,0.08075601374570451,0.5171821305841924,248|69ca00bbe7|f2bcbae325
tsbad_m,002_MSL_id_1_Sensor_tr_500_1st_900.csv,4,22,440,0.0,4,1.0,0.3181818181818182,1.0,0.3181818181818182,1.0,0.3181818181818182,0.6818181818181819,0.6818181818181819,440|4f06d8dbd4|9f1a2759d7
tsbad_m,111_SVDB_id_28_Medical_tr_1791_1st_1891.,1944,2508,16,0.004629629629629629,1935,0.6141975308641975,0.05661881977671451,0.7597736625514403,0.2631578947368421,0.6599794238683128,0.10127591706539076,0.4966157678145982,0.558703506802922,16|7f9003e9e1|aad1baee0f
tsbad_m,069_SMD_id_13_Facility_tr_5925_1st_12760,222,255,304,0.0,222,0.5945945945945946,0.5254901960784314,0.8873873873873874,0.8588235294117647,0.6036036036036037,0.5529411764705883,0.028563857975622775,0.050662427133015386,304|87ed2ea6c5|f9ca275ab5
tsbad_m,137_CreditCard_id_1_Finance_tr_500_1st_5,1513,3179,232,0.6067415730337079,595,0.34500991407799075,0.015728216420257943,0.9438202247191011,0.7782321484743631,0.356906807666887,0.02201950298836112,0.16558807624473804,0.33488730467852584,232|096e7c8c31|95dacdfda7
tsbad_m,192_Exathlon_id_19_Facility_tr_11665_1st,195,582,144,0.0,195,1.0,0.20790378006872853,1.0,0.7096219931271478,1.0,0.21477663230240548,0.2903780068728522,0.7852233676975945,144|438b73a4f1|69b26484b5
tsbad_m,094_SVDB_id_11_Medical_tr_20100_1st_2361,91,1004,16,0.5054945054945055,45,0.4945054945054945,0.046812749003984064,0.5934065934065934,0.2241035856573705,0.5164835164835165,0.07171314741035857,0.36930300774922287,0.444770369073158,16|bba5401d0d|eff53a50f5
tsbad_m,017_MSL_id_16_Sensor_tr_512_1st_1850.csv,13,25,440,0.0,13,1.0,0.64,1.0,0.68,1.0,0.68,0.31999999999999995,0.31999999999999995,440|11e5f7c146|1bba39eaaa
tsbad_m,064_SMD_id_8_Facility_tr_2272_1st_2372.c,88,253,304,0.0,88,0.8863636363636364,0.6007905138339921,0.9772727272727273,0.8893280632411067,0.8863636363636364,0.6047430830039525,0.0879446640316206,0.28162055335968383,304|a9dd3034a6|89846602f3
tsbad_m,018_Daphnet_id_1_HumanActivity_tr_9693_1,168,484,72,0.0,168,0.4226190476190476,0.2665289256198347,0.7261904761904762,0.871900826446281,0.4226190476190476,0.5020661157024794,-0.1457103502558048,-0.07944706808343177,72|973a87a5eb|f21fbcecd5
tsbad_m,060_SMD_id_4_Facility_tr_7176_1st_10609.,46,354,304,0.0,46,0.8913043478260869,0.6242937853107344,0.9565217391304348,0.9180790960451978,0.9130434782608695,0.6242937853107344,0.03844264308523704,0.2887496929501351,304|a0a2746b6e|ffd86642e0
tsbad_m,037_GHL_id_6_Sensor_tr_50000_1st_80001.c,125,2500,152,0.0,125,0.664,0.7936,0.696,0.9836,0.664,0.794,-0.2876000000000001,-0.13,152|8daaffc1b8|1f5b8d5c02
tsbad_m,114_SVDB_id_31_Medical_tr_25000_1st_6309,35,1250,16,0.22857142857142856,27,0.2,0.0304,0.42857142857142855,0.2392,0.2,0.0624,0.18937142857142855,0.1376,16|6ee80cbeef|c372c4f7a3
tsbad_m,132_OPPORTUNITY_id_4_HumanActivity_tr_89,31,85,1984,0.0,31,1.0,1.0,1.0,1.0,1.0,1.0,0.0,0.0,1984|6c44d35f7c|f3a9de7046
tsbad_m,026_MITDB_id_8_Medical_tr_30495_1st_3059,1828,4824,16,0.31181619256017507,1258,0.21444201312910285,0.003109452736318408,0.4420131291028446,0.15091210613598674,0.27461706783369805,0.026533996683250415,0.2911010229668579,0.24808307115044764,16|b3afad6ce1|a16442fb20
tsbad_m,104_SVDB_id_21_Medical_tr_50000_1st_1066,268,2853,16,0.4253731343283582,154,0.30223880597014924,0.004556607080266386,0.4664179104477612,0.1994391868208903,0.373134328358209,0.041710480196284615,0.2669787236268709,0.3314238481619244,16|a626674080|fc3574bf41
tsbad_m,110_SVDB_id_27_Medical_tr_30824_1st_3092,652,2636,16,0.26380368098159507,480,0.1687116564417178,0.022382397572078907,0.553680981595092,0.21775417298937785,0.3052147239263804,0.0618361153262519,0.3359268086057142,0.2433786086001285,16|c3f63cd328|14f5a8d683
tsbad_m,161_SMAP_id_18_Sensor_tr_2075_1st_5550.c,26,103,200,0.0,26,0.3076923076923077,0.02912621359223301,0.34615384615384615,0.1553398058252427,0.34615384615384615,0.038834951456310676,0.19081404032860344,0.3073188946975355,200|de7b655c8a|8687bc509b
tsbad_m,089_SVDB_id_6_Medical_tr_50000_1st_83083,226,2880,16,0.36283185840707965,144,0.1415929203539823,0.001736111111111111,0.4469026548672566,0.15,0.26991150442477874,0.02013888888888889,0.29690265486725664,0.24977261553588984,16|5aa4c08579|3787c5fec8
tsbad_m,083_LTDB_id_5_Medical_tr_15502_1st_15602,55,1242,16,0.6545454545454545,19,0.5454545454545454,0.010466988727858293,0.7454545454545455,0.1964573268921095,0.6363636363636364,0.04589371980676329,0.548997218562436,0.5904699165568731,16|79cfe2aa68|199f5f0f8d
tsbad_m,082_LTDB_id_4_Medical_tr_4456_1st_4556.c,1405,944,16,0.59644128113879,567,0.501779359430605,0.015889830508474576,0.7202846975088968,0.17372881355932204,0.602135231316726,0.04449152542372881,0.5465558839495748,0.5576437058929972,16|18b41b96f3|28cfba3a61
tsbad_m,034_GHL_id_3_Sensor_tr_50000_1st_122001.,128,2500,152,0.0,128,0.359375,0.8432,0.9375,0.9892,0.4296875,0.8448,-0.05169999999999997,-0.4151125,152|7924f5275e|2d135aedc0
tsbad_m,019_MITDB_id_1_Medical_tr_37500_1st_1032,1167,1757,16,0.0,1167,0.19023136246786632,0.08081957882754695,0.4198800342759212,0.2675014228799089,0.2647814910025707,0.1371656232214001,0.15237861139601228,0.1276158677811706,16|37feb419f7|4972c8e1ff
